variant,seed,dataset,data_loading_option,model_type,num_clients,beta,hop,use_pe,fulltraining_flag,repetition,fl_round,avg_client_val_acc,avg_client_val_loss,best_eval_acc_so_far,best_eval_loss_so_far,patience,round_time_s,global_test_acc
baseline,0,Cora,zero_hop,GCN,10,10000,1,False,False,1,0,0.2148290125741803,1.920343267917633,0.2148290125741803,,0,5.594,
baseline,0,Cora,zero_hop,GCN,10,10000,1,False,False,1,1,0.24038189398269166,1.8973956942558288,0.24038189398269166,,0,0.896,
baseline,0,Cora,zero_hop,GCN,10,10000,1,False,False,1,2,0.3087825075845446,1.867897629737854,0.3087825075845446,,0,0.895,
baseline,0,Cora,zero_hop,GCN,10,10000,1,False,False,1,3,0.37060303545969603,1.833741343021393,0.37060303545969603,,0,0.87,
baseline,0,Cora,zero_hop,GCN,10,10000,1,False,False,1,4,0.41426346133923453,1.7985416531562806,0.41426346133923453,,0,0.887,
baseline,0,Cora,zero_hop,GCN,10,10000,1,False,False,1,5,0.4458097794519745,1.7585640788078307,0.4458097794519745,,0,0.889,
baseline,0,Cora,zero_hop,GCN,10,10000,1,False,False,1,6,0.4726956801993838,1.7191645979881287,0.4726956801993838,,0,0.89,
baseline,0,Cora,zero_hop,GCN,10,10000,1,False,False,1,7,0.4999844939901359,1.6788798093795776,0.4999844939901359,,0,0.887,
baseline,0,Cora,zero_hop,GCN,10,10000,1,False,False,1,8,0.511047677981286,1.6385926604270935,0.511047677981286,,0,0.874,
baseline,0,Cora,zero_hop,GCN,10,10000,1,False,False,1,9,0.525255854733082,1.603465974330902,0.525255854733082,,0,0.885,
baseline,0,Cora,zero_hop,GCN,10,10000,1,False,False,1,10,0.530855378447808,1.5658118367195129,0.530855378447808,,0,0.882,
baseline,0,Cora,zero_hop,GCN,10,10000,1,False,False,1,11,0.5347495428606186,1.5337205529212952,0.5347495428606186,,0,0.893,
baseline,0,Cora,zero_hop,GCN,10,10000,1,False,False,1,12,0.5444736184969574,1.5022086262702943,0.5444736184969574,,0,0.89,
baseline,0,Cora,zero_hop,GCN,10,10000,1,False,False,1,13,0.5463589880293858,1.4738287448883056,0.5463589880293858,,0,0.875,
baseline,0,Cora,zero_hop,GCN,10,10000,1,False,False,1,14,0.5520056841228904,1.4486934661865234,0.5520056841228904,,0,0.898,
baseline,0,Cora,zero_hop,GCN,10,10000,1,False,False,1,15,0.5541781457058956,1.427040708065033,0.5541781457058956,,0,0.885,
baseline,0,Cora,zero_hop,GCN,10,10000,1,False,False,1,16,0.5576405062807697,1.4019543528556824,0.5576405062807697,,0,0.889,
baseline,0,Cora,zero_hop,GCN,10,10000,1,False,False,1,17,0.5684348325219044,1.384310519695282,0.5684348325219044,,0,0.882,
baseline,0,Cora,zero_hop,GCN,10,10000,1,False,False,1,18,0.5681733946134078,1.3681841731071471,0.5684348325219044,1.3681841731071471,0,0.875,
baseline,0,Cora,zero_hop,GCN,10,10000,1,False,False,1,19,0.5661356872227591,1.3512762308120727,0.5684348325219044,1.3512762308120727,0,0.877,
baseline,0,Cora,zero_hop,GCN,10,10000,1,False,False,1,20,0.5652700192693544,1.33927321434021,0.5684348325219044,1.33927321434021,0,0.875,
baseline,0,Cora,zero_hop,GCN,10,10000,1,False,False,1,21,0.5633912685874123,1.322504949569702,0.5684348325219044,1.322504949569702,0,0.89,
baseline,0,Cora,zero_hop,GCN,10,10000,1,False,False,1,22,0.5633912685874123,1.3114046931266785,0.5684348325219044,1.3114046931266785,0,0.887,
baseline,0,Cora,zero_hop,GCN,10,10000,1,False,False,1,23,0.5696538948500385,1.3012947916984559,0.5696538948500385,1.3114046931266785,0,0.87,
baseline,0,Cora,zero_hop,GCN,10,10000,1,False,False,1,24,0.5693924569415418,1.290782618522644,0.5696538948500385,1.290782618522644,0,0.885,
baseline,0,Cora,zero_hop,GCN,10,10000,1,False,False,1,25,0.5734812103290757,1.2812942385673523,0.5734812103290757,1.290782618522644,0,0.879,
baseline,0,Cora,zero_hop,GCN,10,10000,1,False,False,1,26,0.5821755538682557,1.2714056372642517,0.5821755538682557,1.290782618522644,0,0.894,
baseline,0,Cora,zero_hop,GCN,10,10000,1,False,False,1,27,0.5728593407133367,1.2646856546401977,0.5821755538682557,1.2646856546401977,0,0.872,
baseline,0,Cora,zero_hop,GCN,10,10000,1,False,False,1,28,0.5771648962688921,1.2569388389587401,0.5821755538682557,1.2569388389587401,0,0.879,
baseline,0,Cora,zero_hop,GCN,10,10000,1,False,False,1,29,0.5818752097728248,1.2513142466545104,0.5821755538682557,1.2513142466545104,0,0.884,
baseline,0,Cora,zero_hop,GCN,10,10000,1,False,False,1,30,0.5774263341773889,1.2413556337356568,0.5821755538682557,1.2413556337356568,0,0.892,
baseline,0,Cora,zero_hop,GCN,10,10000,1,False,False,1,31,0.5793871184911144,1.239393663406372,0.5821755538682557,1.239393663406372,0,0.892,
baseline,0,Cora,zero_hop,GCN,10,10000,1,False,False,1,32,0.5775496007413333,1.232750916481018,0.5821755538682557,1.232750916481018,0,0.88,
baseline,0,Cora,zero_hop,GCN,10,10000,1,False,False,1,33,0.5795496007413334,1.2264992117881774,0.5821755538682557,1.2264992117881774,0,0.89,
baseline,0,Cora,zero_hop,GCN,10,10000,1,False,False,1,34,0.5775496007413333,1.2238855719566346,0.5821755538682557,1.2238855719566346,0,0.881,
baseline,0,Cora,zero_hop,GCN,10,10000,1,False,False,1,35,0.5811675929186476,1.220533835887909,0.5821755538682557,1.220533835887909,0,0.878,
baseline,0,Cora,zero_hop,GCN,10,10000,1,False,False,1,36,0.5815560109977438,1.218679702281952,0.5821755538682557,1.218679702281952,0,0.895,
baseline,0,Cora,zero_hop,GCN,10,10000,1,False,False,1,37,0.5872117105657064,1.210907757282257,0.5872117105657064,1.218679702281952,0,0.884,
baseline,0,Cora,zero_hop,GCN,10,10000,1,False,False,1,38,0.5891724948794319,1.2096761226654054,0.5891724948794319,1.218679702281952,0,0.88,
baseline,0,Cora,zero_hop,GCN,10,10000,1,False,False,1,39,0.587172494879432,1.2070043206214904,0.5891724948794319,1.2070043206214904,0,0.872,
baseline,0,Cora,zero_hop,GCN,10,10000,1,False,False,1,40,0.5874006565482717,1.2031519532203674,0.5891724948794319,1.2031519532203674,0,0.875,
baseline,0,Cora,zero_hop,GCN,10,10000,1,False,False,1,41,0.5854006565482716,1.201392900943756,0.5891724948794319,1.201392900943756,0,0.881,
baseline,0,Cora,zero_hop,GCN,10,10000,1,False,False,1,42,0.5854006565482716,1.1990010619163514,0.5891724948794319,1.1990010619163514,0,0.892,
baseline,0,Cora,zero_hop,GCN,10,10000,1,False,False,1,43,0.5854006565482716,1.197397804260254,0.5891724948794319,1.197397804260254,0,0.863,
baseline,0,Cora,zero_hop,GCN,10,10000,1,False,False,1,44,0.5834006565482717,1.196292555332184,0.5891724948794319,1.196292555332184,0,0.889,
baseline,0,Cora,zero_hop,GCN,10,10000,1,False,False,1,45,0.5853614408619972,1.193687331676483,0.5891724948794319,1.193687331676483,0,0.869,
baseline,0,Cora,zero_hop,GCN,10,10000,1,False,False,1,46,0.5811504479541957,1.1924575924873353,0.5891724948794319,1.1924575924873353,0,0.877,
baseline,0,Cora,zero_hop,GCN,10,10000,1,False,False,1,47,0.5790227883797276,1.1922606825828552,0.5891724948794319,1.1922606825828552,0,0.884,
baseline,0,Cora,zero_hop,GCN,10,10000,1,False,False,1,48,0.5893398647465536,1.187972116470337,0.5893398647465536,1.1922606825828552,0,0.862,
baseline,0,Cora,zero_hop,GCN,10,10000,1,False,False,1,49,0.5913398647465538,1.185610592365265,0.5913398647465538,1.1922606825828552,0,0.875,
baseline,0,Cora,zero_hop,GCN,10,1,1,False,False,1,0,0.23962315654942223,1.9164955139160156,0.23962315654942223,,0,5.565,
baseline,0,Cora,zero_hop,GCN,10,1,1,False,False,1,1,0.3118031871911599,1.8890207648277282,0.3118031871911599,,0,0.877,
baseline,0,Cora,zero_hop,GCN,10,1,1,False,False,1,2,0.3685464580513721,1.8559028148651122,0.3685464580513721,,0,0.886,
baseline,0,Cora,zero_hop,GCN,10,1,1,False,False,1,3,0.4395178953185671,1.8174314498901367,0.4395178953185671,,0,0.869,
baseline,0,Cora,zero_hop,GCN,10,1,1,False,False,1,4,0.45910104426581794,1.7744012236595155,0.45910104426581794,,0,0.877,
baseline,0,Cora,zero_hop,GCN,10,1,1,False,False,1,5,0.47537231385346124,1.7323455095291138,0.47537231385346124,,0,0.878,
baseline,0,Cora,zero_hop,GCN,10,1,1,False,False,1,6,0.4963097378163141,1.692211627960205,0.4963097378163141,,0,0.868,
baseline,0,Cora,zero_hop,GCN,10,1,1,False,False,1,7,0.5095101145947272,1.6527688264846803,0.5095101145947272,,0,0.874,
baseline,0,Cora,zero_hop,GCN,10,1,1,False,False,1,8,0.5189692919601525,1.6156286597251892,0.5189692919601525,,0,0.883,
baseline,0,Cora,zero_hop,GCN,10,1,1,False,False,1,9,0.5353858358006216,1.5783561706542968,0.5353858358006216,,0,0.877,
baseline,0,Cora,zero_hop,GCN,10,1,1,False,False,1,10,0.5474762326000737,1.5449324011802674,0.5474762326000737,,0,0.873,
baseline,0,Cora,zero_hop,GCN,10,1,1,False,False,1,11,0.5503304460557907,1.5112788677215576,0.5503304460557907,,0,0.877,
baseline,0,Cora,zero_hop,GCN,10,1,1,False,False,1,12,0.5566877751281984,1.4833433866500854,0.5566877751281984,,0,0.876,
baseline,0,Cora,zero_hop,GCN,10,1,1,False,False,1,13,0.5604821013693333,1.449299705028534,0.5604821013693333,,0,0.887,
baseline,0,Cora,zero_hop,GCN,10,1,1,False,False,1,14,0.5627085751730504,1.4249264001846313,0.5627085751730504,,0,0.9,
baseline,0,Cora,zero_hop,GCN,10,1,1,False,False,1,15,0.5740564876455829,1.3963014721870421,0.5740564876455829,,0,0.926,
baseline,0,Cora,zero_hop,GCN,10,1,1,False,False,1,16,0.5762423716703726,1.3714178323745727,0.5762423716703726,,0,0.88,
baseline,0,Cora,zero_hop,GCN,10,1,1,False,False,1,17,0.5759920422896087,1.3485153675079347,0.5762423716703726,1.3485153675079347,0,0.877,
baseline,0,Cora,zero_hop,GCN,10,1,1,False,False,1,18,0.5759394815293697,1.3241523265838624,0.5762423716703726,1.3241523265838624,0,0.876,
baseline,0,Cora,zero_hop,GCN,10,1,1,False,False,1,19,0.5699249887757465,1.3065672516822815,0.5762423716703726,1.3065672516822815,0,0.882,
baseline,0,Cora,zero_hop,GCN,10,1,1,False,False,1,20,0.5754353556019028,1.286538577079773,0.5762423716703726,1.286538577079773,0,0.879,
baseline,0,Cora,zero_hop,GCN,10,1,1,False,False,1,21,0.5808899010564483,1.272516393661499,0.5808899010564483,1.286538577079773,0,0.872,
baseline,0,Cora,zero_hop,GCN,10,1,1,False,False,1,22,0.5799808101473574,1.2591266274452209,0.5808899010564483,1.2591266274452209,0,0.881,
baseline,0,Cora,zero_hop,GCN,10,1,1,False,False,1,23,0.5783141434806908,1.2453655123710632,0.5808899010564483,1.2453655123710632,0,0.875,
baseline,0,Cora,zero_hop,GCN,10,1,1,False,False,1,24,0.5847027858941779,1.2359066009521484,0.5847027858941779,1.2453655123710632,0,0.873,
baseline,0,Cora,zero_hop,GCN,10,1,1,False,False,1,25,0.5847027858941779,1.224165666103363,0.5847027858941779,1.224165666103363,0,0.876,
baseline,0,Cora,zero_hop,GCN,10,1,1,False,False,1,26,0.5883455969837975,1.2130815386772156,0.5883455969837975,1.224165666103363,0,0.871,
baseline,0,Cora,zero_hop,GCN,10,1,1,False,False,1,27,0.5866789303171307,1.205678254365921,0.5883455969837975,1.205678254365921,0,0.875,
baseline,0,Cora,zero_hop,GCN,10,1,1,False,False,1,28,0.5866789303171309,1.1975961744785308,0.5883455969837975,1.1975961744785308,0,0.875,
baseline,0,Cora,zero_hop,GCN,10,1,1,False,False,1,29,0.5894589039666697,1.1920596063137054,0.5894589039666697,1.1975961744785308,0,0.873,
baseline,0,Cora,zero_hop,GCN,10,1,1,False,False,1,30,0.5872849909231913,1.1834309697151184,0.5894589039666697,1.1834309697151184,0,0.883,
baseline,0,Cora,zero_hop,GCN,10,1,1,False,False,1,31,0.5909278020128111,1.1785412430763245,0.5909278020128111,1.1834309697151184,0,0.873,
baseline,0,Cora,zero_hop,GCN,10,1,1,False,False,1,32,0.5892611353461443,1.173086589574814,0.5909278020128111,1.173086589574814,0,0.874,
baseline,0,Cora,zero_hop,GCN,10,1,1,False,False,1,33,0.589394232063092,1.1669727921485902,0.5909278020128111,1.1669727921485902,0,0.878,
baseline,0,Cora,zero_hop,GCN,10,1,1,False,False,1,34,0.5872203190196137,1.1650086164474487,0.5909278020128111,1.1650086164474487,0,0.876,
baseline,0,Cora,zero_hop,GCN,10,1,1,False,False,1,35,0.589394232063092,1.1574009537696839,0.5909278020128111,1.1574009537696839,0,0.87,
baseline,0,Cora,zero_hop,GCN,10,1,1,False,False,1,36,0.589394232063092,1.1561185121536255,0.5909278020128111,1.1561185121536255,0,0.873,
baseline,0,Cora,zero_hop,GCN,10,1,1,False,False,1,37,0.5911597129590078,1.1507363259792327,0.5911597129590078,1.1561185121536255,0,0.879,
baseline,0,Cora,zero_hop,GCN,10,1,1,False,False,1,38,0.5911597129590078,1.1484028816223144,0.5911597129590078,1.1484028816223144,0,0.881,
baseline,0,Cora,zero_hop,GCN,10,1,1,False,False,1,39,0.5870780803059464,1.1457547962665557,0.5911597129590078,1.1457547962665557,0,0.877,
baseline,0,Cora,zero_hop,GCN,10,1,1,False,False,1,40,0.5887447469726131,1.1425193965435028,0.5911597129590078,1.1425193965435028,0,0.875,
baseline,0,Cora,zero_hop,GCN,10,1,1,False,False,1,41,0.5887447469726131,1.138990092277527,0.5911597129590078,1.138990092277527,0,0.87,
baseline,0,Cora,zero_hop,GCN,10,1,1,False,False,1,42,0.5892024128765032,1.1374950587749482,0.5911597129590078,1.1374950587749482,0,0.877,
baseline,0,Cora,zero_hop,GCN,10,1,1,False,False,1,43,0.5970136998671216,1.135107272863388,0.5970136998671216,1.1374950587749482,0,0.872,
baseline,0,Cora,zero_hop,GCN,10,1,1,False,False,1,44,0.5985288513822731,1.1355355024337768,0.5985288513822731,1.1374950587749482,0,0.882,
baseline,0,Cora,zero_hop,GCN,10,1,1,False,False,1,45,0.5985288513822731,1.1314754247665406,0.5985288513822731,1.1314754247665406,0,0.867,
baseline,0,Cora,zero_hop,GCN,10,1,1,False,False,1,46,0.5985288513822731,1.13195840716362,0.5985288513822731,1.1314754247665406,1,0.87,
baseline,0,Cora,zero_hop,GCN,10,1,1,False,False,1,47,0.5985288513822731,1.1284255027770995,0.5985288513822731,1.1284255027770995,0,0.869,
baseline,0,Cora,zero_hop,GCN,10,1,1,False,False,1,48,0.5985288513822731,1.1288396954536437,0.5985288513822731,1.1284255027770995,1,0.868,
baseline,0,Cora,zero_hop,GCN,10,1,1,False,False,1,49,0.6011604303296415,1.1260497331619264,0.6011604303296415,1.1284255027770995,0,0.868,
baseline,1,Cora,zero_hop,GCN,10,10000,1,False,False,1,0,0.20938943687370784,1.9188138484954833,0.20938943687370784,,0,5.631,
baseline,1,Cora,zero_hop,GCN,10,10000,1,False,False,1,1,0.23758609393808777,1.8984404444694518,0.23758609393808777,,0,0.875,
baseline,1,Cora,zero_hop,GCN,10,10000,1,False,False,1,2,0.27270837931181224,1.872593104839325,0.27270837931181224,,0,0.87,
baseline,1,Cora,zero_hop,GCN,10,10000,1,False,False,1,3,0.29156702261277423,1.8409296870231628,0.29156702261277423,,0,0.879,
baseline,1,Cora,zero_hop,GCN,10,10000,1,False,False,1,4,0.34005682329053805,1.8087847352027893,0.34005682329053805,,0,0.883,
baseline,1,Cora,zero_hop,GCN,10,10000,1,False,False,1,5,0.3701808435223328,1.7732612252235413,0.3701808435223328,,0,0.87,
baseline,1,Cora,zero_hop,GCN,10,10000,1,False,False,1,6,0.39258787998869127,1.7391018390655517,0.39258787998869127,,0,0.878,
baseline,1,Cora,zero_hop,GCN,10,10000,1,False,False,1,7,0.44689442877770347,1.700273859500885,0.44689442877770347,,0,0.875,
baseline,1,Cora,zero_hop,GCN,10,10000,1,False,False,1,8,0.45719931707475336,1.6639384746551513,0.45719931707475336,,0,0.877,
baseline,1,Cora,zero_hop,GCN,10,10000,1,False,False,1,9,0.46848925030536454,1.6289640188217163,0.46848925030536454,,0,0.872,
baseline,1,Cora,zero_hop,GCN,10,10000,1,False,False,1,10,0.482257868692627,1.5931037306785583,0.482257868692627,,0,0.865,
baseline,1,Cora,zero_hop,GCN,10,10000,1,False,False,1,11,0.5161596821512493,1.5618766784667968,0.5161596821512493,,0,0.87,
baseline,1,Cora,zero_hop,GCN,10,10000,1,False,False,1,12,0.5342624915047782,1.530801820755005,0.5342624915047782,,0,0.871,
baseline,1,Cora,zero_hop,GCN,10,10000,1,False,False,1,13,0.5397608658785125,1.5032062292099,0.5397608658785125,,0,0.87,
baseline,1,Cora,zero_hop,GCN,10,10000,1,False,False,1,14,0.5486460327050767,1.4749808192253113,0.5486460327050767,,0,0.871,
baseline,1,Cora,zero_hop,GCN,10,10000,1,False,False,1,15,0.5603064100635673,1.4483829379081725,0.5603064100635673,,0,0.884,
baseline,1,Cora,zero_hop,GCN,10,10000,1,False,False,1,16,0.5567293660384101,1.4289261102676392,0.5603064100635673,1.4289261102676392,0,0.869,
baseline,1,Cora,zero_hop,GCN,10,10000,1,False,False,1,17,0.5643944070788108,1.4099066019058228,0.5643944070788108,1.4289261102676392,0,0.864,
baseline,1,Cora,zero_hop,GCN,10,10000,1,False,False,1,18,0.5609958040029611,1.389337170124054,0.5643944070788108,1.389337170124054,0,0.865,
baseline,1,Cora,zero_hop,GCN,10,10000,1,False,False,1,19,0.5667458040029613,1.374125874042511,0.5667458040029613,1.389337170124054,0,0.868,
baseline,1,Cora,zero_hop,GCN,10,10000,1,False,False,1,20,0.580059547554914,1.3603302359580993,0.580059547554914,1.389337170124054,0,0.863,
baseline,1,Cora,zero_hop,GCN,10,10000,1,False,False,1,21,0.5665539268043683,1.3494628190994262,0.580059547554914,1.3494628190994262,0,0.884,
baseline,1,Cora,zero_hop,GCN,10,10000,1,False,False,1,22,0.5687740525905317,1.3376732468605042,0.580059547554914,1.3376732468605042,0,0.864,
baseline,1,Cora,zero_hop,GCN,10,10000,1,False,False,1,23,0.5729407192571985,1.3249268054962158,0.580059547554914,1.3249268054962158,0,0.868,
baseline,1,Cora,zero_hop,GCN,10,10000,1,False,False,1,24,0.568857385923865,1.3188341856002808,0.580059547554914,1.3188341856002808,0,0.882,
baseline,1,Cora,zero_hop,GCN,10,10000,1,False,False,1,25,0.5730240525905319,1.3085151076316834,0.580059547554914,1.3085151076316834,0,0.88,
baseline,1,Cora,zero_hop,GCN,10,10000,1,False,False,1,26,0.5733291373362944,1.3033403277397155,0.580059547554914,1.3033403277397155,0,0.863,
baseline,1,Cora,zero_hop,GCN,10,10000,1,False,False,1,27,0.5754958040029612,1.2945516943931579,0.580059547554914,1.2945516943931579,0,0.882,
baseline,1,Cora,zero_hop,GCN,10,10000,1,False,False,1,28,0.5771624706696279,1.2888086080551147,0.580059547554914,1.2888086080551147,0,0.884,
baseline,1,Cora,zero_hop,GCN,10,10000,1,False,False,1,29,0.5750791373362945,1.2847910284996034,0.580059547554914,1.2847910284996034,0,0.856,
baseline,1,Cora,zero_hop,GCN,10,10000,1,False,False,1,30,0.5771624706696279,1.2783771872520446,0.580059547554914,1.2783771872520446,0,0.878,
baseline,1,Cora,zero_hop,GCN,10,10000,1,False,False,1,31,0.5750791373362945,1.2770074248313903,0.580059547554914,1.2770074248313903,0,0.873,
baseline,1,Cora,zero_hop,GCN,10,10000,1,False,False,1,32,0.5750791373362945,1.269951844215393,0.580059547554914,1.269951844215393,0,0.87,
baseline,1,Cora,zero_hop,GCN,10,10000,1,False,False,1,33,0.5750791373362945,1.2661339163780212,0.580059547554914,1.2661339163780212,0,0.875,
baseline,1,Cora,zero_hop,GCN,10,10000,1,False,False,1,34,0.5770791373362945,1.2663630366325378,0.580059547554914,1.2661339163780212,1,0.865,
baseline,1,Cora,zero_hop,GCN,10,10000,1,False,False,1,35,0.579336383713106,1.261903703212738,0.580059547554914,1.261903703212738,0,0.867,
baseline,1,Cora,zero_hop,GCN,10,10000,1,False,False,1,36,0.5787740525905317,1.2628818154335022,0.580059547554914,1.261903703212738,1,0.871,
baseline,1,Cora,zero_hop,GCN,10,10000,1,False,False,1,37,0.581336383713106,1.257245695590973,0.581336383713106,1.261903703212738,0,0.876,
baseline,1,Cora,zero_hop,GCN,10,10000,1,False,False,1,38,0.581336383713106,1.2595196962356567,0.581336383713106,1.2595196962356567,0,0.876,
baseline,1,Cora,zero_hop,GCN,10,10000,1,False,False,1,39,0.5813363837131061,1.2567665040493012,0.5813363837131061,1.2595196962356567,0,0.868,
baseline,1,Cora,zero_hop,GCN,10,10000,1,False,False,1,40,0.581336383713106,1.2523461997509002,0.5813363837131061,1.2523461997509002,0,0.871,
baseline,1,Cora,zero_hop,GCN,10,10000,1,False,False,1,41,0.5834197170464395,1.251309198141098,0.5834197170464395,1.2523461997509002,0,0.879,
baseline,1,Cora,zero_hop,GCN,10,10000,1,False,False,1,42,0.5813363837131061,1.2512781143188476,0.5834197170464395,1.2512781143188476,0,0.868,
baseline,1,Cora,zero_hop,GCN,10,10000,1,False,False,1,43,0.5811398428326029,1.2538593709468842,0.5834197170464395,1.2512781143188476,1,0.867,
baseline,1,Cora,zero_hop,GCN,10,10000,1,False,False,1,44,0.5853065094992695,1.2495029151439667,0.5853065094992695,1.2512781143188476,0,0.878,
baseline,1,Cora,zero_hop,GCN,10,10000,1,False,False,1,45,0.5853065094992695,1.250307548046112,0.5853065094992695,1.250307548046112,0,0.878,
baseline,1,Cora,zero_hop,GCN,10,10000,1,False,False,1,46,0.5847004488932089,1.248554712533951,0.5853065094992695,1.248554712533951,0,0.874,
baseline,1,Cora,zero_hop,GCN,10,10000,1,False,False,1,47,0.5863953641474462,1.2471978962421417,0.5863953641474462,1.248554712533951,0,0.879,
baseline,1,Cora,zero_hop,GCN,10,10000,1,False,False,1,48,0.5863953641474462,1.2481007158756257,0.5863953641474462,1.2481007158756257,0,0.865,
baseline,1,Cora,zero_hop,GCN,10,10000,1,False,False,1,49,0.5863953641474462,1.2462610840797423,0.5863953641474462,1.2462610840797423,0,0.877,
baseline,1,Cora,zero_hop,GCN,10,1,1,False,False,1,0,0.18653604244842514,1.914048707485199,0.18653604244842514,,0,5.574,
baseline,1,Cora,zero_hop,GCN,10,1,1,False,False,1,1,0.22886890173416644,1.8851505875587464,0.22886890173416644,,0,0.87,
baseline,1,Cora,zero_hop,GCN,10,1,1,False,False,1,2,0.27754568458535234,1.8499085068702699,0.27754568458535234,,0,0.869,
baseline,1,Cora,zero_hop,GCN,10,1,1,False,False,1,3,0.33523848944335544,1.8102924466133117,0.33523848944335544,,0,0.889,
baseline,1,Cora,zero_hop,GCN,10,1,1,False,False,1,4,0.4163840776005464,1.7697203516960145,0.4163840776005464,,0,0.878,
baseline,1,Cora,zero_hop,GCN,10,1,1,False,False,1,5,0.4522685630500196,1.7299864530563354,0.4522685630500196,,0,0.88,
baseline,1,Cora,zero_hop,GCN,10,1,1,False,False,1,6,0.4778572075639397,1.6930786609649657,0.4778572075639397,,0,0.88,
baseline,1,Cora,zero_hop,GCN,10,1,1,False,False,1,7,0.4939046280360935,1.6553749799728394,0.4939046280360935,,0,0.865,
baseline,1,Cora,zero_hop,GCN,10,1,1,False,False,1,8,0.508423091057365,1.6223789572715759,0.508423091057365,,0,0.877,
baseline,1,Cora,zero_hop,GCN,10,1,1,False,False,1,9,0.5311629170488318,1.5882453799247742,0.5311629170488318,,0,0.893,
baseline,1,Cora,zero_hop,GCN,10,1,1,False,False,1,10,0.5426593179347675,1.5548985362052918,0.5426593179347675,,0,0.876,
baseline,1,Cora,zero_hop,GCN,10,1,1,False,False,1,11,0.5492194188672423,1.5243530035018922,0.5492194188672423,,0,0.873,
baseline,1,Cora,zero_hop,GCN,10,1,1,False,False,1,12,0.5627697730955626,1.4935544371604919,0.5627697730955626,,0,0.869,
baseline,1,Cora,zero_hop,GCN,10,1,1,False,False,1,13,0.569343320862597,1.4648094415664672,0.569343320862597,,0,0.87,
baseline,1,Cora,zero_hop,GCN,10,1,1,False,False,1,14,0.5658314161006921,1.4385441541671753,0.569343320862597,1.4385441541671753,0,0.898,
baseline,1,Cora,zero_hop,GCN,10,1,1,False,False,1,15,0.5727331513710715,1.4131282091140747,0.5727331513710715,1.4385441541671753,0,0.886,
baseline,1,Cora,zero_hop,GCN,10,1,1,False,False,1,16,0.5788488633563487,1.3906760931015014,0.5788488633563487,1.4385441541671753,0,0.871,
baseline,1,Cora,zero_hop,GCN,10,1,1,False,False,1,17,0.5815053125090681,1.3669739723205567,0.5815053125090681,1.4385441541671753,0,0.878,
baseline,1,Cora,zero_hop,GCN,10,1,1,False,False,1,18,0.5815053125090681,1.3488096714019775,0.5815053125090681,1.3488096714019775,0,0.872,
baseline,1,Cora,zero_hop,GCN,10,1,1,False,False,1,19,0.5841025059758269,1.3297171354293824,0.5841025059758269,1.3488096714019775,0,0.868,
baseline,1,Cora,zero_hop,GCN,10,1,1,False,False,1,20,0.5882210045282876,1.3110830068588257,0.5882210045282876,1.3488096714019775,0,0.872,
baseline,1,Cora,zero_hop,GCN,10,1,1,False,False,1,21,0.6017745124500153,1.294334638118744,0.6017745124500153,1.3488096714019775,0,0.867,
baseline,1,Cora,zero_hop,GCN,10,1,1,False,False,1,22,0.6012672660732038,1.2818122863769532,0.6017745124500153,1.2818122863769532,0,0.863,
baseline,1,Cora,zero_hop,GCN,10,1,1,False,False,1,23,0.6017745124500153,1.2678435802459718,0.6017745124500153,1.2678435802459718,0,0.866,
baseline,1,Cora,zero_hop,GCN,10,1,1,False,False,1,24,0.6089766740810643,1.2538986325263977,0.6089766740810643,1.2678435802459718,0,0.873,
baseline,1,Cora,zero_hop,GCN,10,1,1,False,False,1,25,0.6067745124500153,1.244584584236145,0.6089766740810643,1.244584584236145,0,0.87,
baseline,1,Cora,zero_hop,GCN,10,1,1,False,False,1,26,0.6067745124500153,1.2337638139724731,0.6089766740810643,1.2337638139724731,0,0.878,
baseline,1,Cora,zero_hop,GCN,10,1,1,False,False,1,27,0.6072535102392563,1.2250461101531982,0.6089766740810643,1.2250461101531982,0,0.864,
baseline,1,Cora,zero_hop,GCN,10,1,1,False,False,1,28,0.6110940899494012,1.2156723499298097,0.6110940899494012,1.2250461101531982,0,0.877,
baseline,1,Cora,zero_hop,GCN,10,1,1,False,False,1,29,0.613920176905923,1.2061053156852721,0.613920176905923,1.2250461101531982,0,0.871,
baseline,1,Cora,zero_hop,GCN,10,1,1,False,False,1,30,0.6141582721440182,1.1993932008743287,0.6141582721440182,1.2250461101531982,0,0.87,
baseline,1,Cora,zero_hop,GCN,10,1,1,False,False,1,31,0.6184155185208298,1.1930346608161926,0.6184155185208298,1.2250461101531982,0,0.863,
baseline,1,Cora,zero_hop,GCN,10,1,1,False,False,1,32,0.6207410999161787,1.1871868014335631,0.6207410999161787,1.2250461101531982,0,0.877,
baseline,1,Cora,zero_hop,GCN,10,1,1,False,False,1,33,0.6248018054124871,1.1816702365875245,0.6248018054124871,1.2250461101531982,0,0.869,
baseline,1,Cora,zero_hop,GCN,10,1,1,False,False,1,34,0.6248018054124871,1.1761110305786133,0.6248018054124871,1.1761110305786133,0,0.872,
baseline,1,Cora,zero_hop,GCN,10,1,1,False,False,1,35,0.6226278923690088,1.170845139026642,0.6248018054124871,1.170845139026642,0,0.889,
baseline,1,Cora,zero_hop,GCN,10,1,1,False,False,1,36,0.6222112257023421,1.167798137664795,0.6248018054124871,1.167798137664795,0,0.871,
baseline,1,Cora,zero_hop,GCN,10,1,1,False,False,1,37,0.6238778923690089,1.1628926038742065,0.6248018054124871,1.1628926038742065,0,0.866,
baseline,1,Cora,zero_hop,GCN,10,1,1,False,False,1,38,0.6238778923690089,1.1596482157707215,0.6248018054124871,1.1596482157707215,0,0.873,
baseline,1,Cora,zero_hop,GCN,10,1,1,False,False,1,39,0.6238778923690089,1.1560425162315369,0.6248018054124871,1.1560425162315369,0,0.871,
baseline,1,Cora,zero_hop,GCN,10,1,1,False,False,1,40,0.6265498500409665,1.1509276747703552,0.6265498500409665,1.1560425162315369,0,0.869,
baseline,1,Cora,zero_hop,GCN,10,1,1,False,False,1,41,0.6298831833742999,1.151544988155365,0.6298831833742999,1.1560425162315369,0,0.879,
baseline,1,Cora,zero_hop,GCN,10,1,1,False,False,1,42,0.6313117548028713,1.1484885931015014,0.6313117548028713,1.1560425162315369,0,0.87,
baseline,1,Cora,zero_hop,GCN,10,1,1,False,False,1,43,0.6313117548028713,1.147722101211548,0.6313117548028713,1.147722101211548,0,0.894,
baseline,1,Cora,zero_hop,GCN,10,1,1,False,False,1,44,0.6309896936112449,1.1450716257095337,0.6313117548028713,1.1450716257095337,0,0.871,
baseline,1,Cora,zero_hop,GCN,10,1,1,False,False,1,45,0.6309896936112449,1.1444857835769653,0.6313117548028713,1.1444857835769653,0,0.868,
baseline,1,Cora,zero_hop,GCN,10,1,1,False,False,1,46,0.6309896936112449,1.1439424395561217,0.6313117548028713,1.1439424395561217,0,0.866,
baseline,1,Cora,zero_hop,GCN,10,1,1,False,False,1,47,0.6309896936112449,1.141684114933014,0.6313117548028713,1.141684114933014,0,0.874,
baseline,1,Cora,zero_hop,GCN,10,1,1,False,False,1,48,0.6321311444491683,1.140359103679657,0.6321311444491683,1.141684114933014,0,0.872,
baseline,1,Cora,zero_hop,GCN,10,1,1,False,False,1,49,0.6343050574926465,1.140487504005432,0.6343050574926465,1.141684114933014,0,0.871,
baseline,2,Cora,zero_hop,GCN,10,10000,1,False,False,1,0,0.12576481150427546,1.9522523522377013,0.12576481150427546,,0,5.557,
baseline,2,Cora,zero_hop,GCN,10,10000,1,False,False,1,1,0.1672632296947521,1.9371400117874145,0.1672632296947521,,0,0.865,
baseline,2,Cora,zero_hop,GCN,10,10000,1,False,False,1,2,0.21684719603600838,1.909681487083435,0.21684719603600838,,0,0.875,
baseline,2,Cora,zero_hop,GCN,10,10000,1,False,False,1,3,0.2936212695467414,1.8786965131759643,0.2936212695467414,,0,0.879,
baseline,2,Cora,zero_hop,GCN,10,10000,1,False,False,1,4,0.3393637732570613,1.841267728805542,0.3393637732570613,,0,0.876,
baseline,2,Cora,zero_hop,GCN,10,10000,1,False,False,1,5,0.37440703846372836,1.8027727723121643,0.37440703846372836,,0,0.875,
baseline,2,Cora,zero_hop,GCN,10,10000,1,False,False,1,6,0.4248242675635067,1.7569626092910766,0.4248242675635067,,0,0.865,
baseline,2,Cora,zero_hop,GCN,10,10000,1,False,False,1,7,0.4469382875864115,1.715725803375244,0.4469382875864115,,0,0.884,
baseline,2,Cora,zero_hop,GCN,10,10000,1,False,False,1,8,0.4683282464910574,1.675820028781891,0.4683282464910574,,0,0.881,
baseline,2,Cora,zero_hop,GCN,10,10000,1,False,False,1,9,0.4966640518755677,1.6292972922325135,0.4966640518755677,,0,0.867,
baseline,2,Cora,zero_hop,GCN,10,10000,1,False,False,1,10,0.5071077661273693,1.5893341302871704,0.5071077661273693,,0,0.88,
baseline,2,Cora,zero_hop,GCN,10,10000,1,False,False,1,11,0.534912872749161,1.549245285987854,0.534912872749161,,0,0.869,
baseline,2,Cora,zero_hop,GCN,10,10000,1,False,False,1,12,0.5495341949890312,1.5156551837921142,0.5495341949890312,,0,0.869,
baseline,2,Cora,zero_hop,GCN,10,10000,1,False,False,1,13,0.5620649872605166,1.4837725400924682,0.5620649872605166,,0,0.886,
baseline,2,Cora,zero_hop,GCN,10,10000,1,False,False,1,14,0.5618860331660169,1.4584425806999206,0.5620649872605166,1.4584425806999206,0,0.875,
baseline,2,Cora,zero_hop,GCN,10,10000,1,False,False,1,15,0.5768455852385344,1.4321383595466615,0.5768455852385344,1.4584425806999206,0,0.875,
baseline,2,Cora,zero_hop,GCN,10,10000,1,False,False,1,16,0.5809388614713454,1.4104078531265258,0.5809388614713454,1.4584425806999206,0,0.864,
baseline,2,Cora,zero_hop,GCN,10,10000,1,False,False,1,17,0.5910169729023981,1.3908596634864807,0.5910169729023981,1.4584425806999206,0,0.873,
baseline,2,Cora,zero_hop,GCN,10,10000,1,False,False,1,18,0.5978405099528044,1.3685920476913451,0.5978405099528044,1.4584425806999206,0,0.882,
baseline,2,Cora,zero_hop,GCN,10,10000,1,False,False,1,19,0.5907025315594459,1.3609060645103455,0.5978405099528044,1.3609060645103455,0,0.87,
baseline,2,Cora,zero_hop,GCN,10,10000,1,False,False,1,20,0.5926633158731713,1.343507969379425,0.5978405099528044,1.343507969379425,0,0.868,
baseline,2,Cora,zero_hop,GCN,10,10000,1,False,False,1,21,0.5983943100252181,1.3298937201499939,0.5983943100252181,1.343507969379425,0,0.864,
baseline,2,Cora,zero_hop,GCN,10,10000,1,False,False,1,22,0.6000751292060372,1.3170774698257446,0.6000751292060372,1.343507969379425,0,0.868,
baseline,2,Cora,zero_hop,GCN,10,10000,1,False,False,1,23,0.5947806429904985,1.3052560210227966,0.6000751292060372,1.3052560210227966,0,0.876,
baseline,2,Cora,zero_hop,GCN,10,10000,1,False,False,1,24,0.5982894149203231,1.2961946964263915,0.6000751292060372,1.2961946964263915,0,0.889,
baseline,2,Cora,zero_hop,GCN,10,10000,1,False,False,1,25,0.5943902576397136,1.2886376619338988,0.6000751292060372,1.2886376619338988,0,0.882,
baseline,2,Cora,zero_hop,GCN,10,10000,1,False,False,1,26,0.5943902576397136,1.283363652229309,0.6000751292060372,1.283363652229309,0,0.884,
baseline,2,Cora,zero_hop,GCN,10,10000,1,False,False,1,27,0.5961759719254279,1.2790560126304626,0.6000751292060372,1.2790560126304626,0,0.874,
baseline,2,Cora,zero_hop,GCN,10,10000,1,False,False,1,28,0.5962084394578955,1.2726890563964843,0.6000751292060372,1.2726890563964843,0,0.873,
baseline,2,Cora,zero_hop,GCN,10,10000,1,False,False,1,29,0.5979941537436096,1.2676004409790038,0.6000751292060372,1.2676004409790038,0,0.881,
baseline,2,Cora,zero_hop,GCN,10,10000,1,False,False,1,30,0.5939862172356732,1.2583773493766786,0.6000751292060372,1.2583773493766786,0,0.887,
baseline,2,Cora,zero_hop,GCN,10,10000,1,False,False,1,31,0.5920150291027394,1.2572457432746886,0.6000751292060372,1.2572457432746886,0,0.878,
baseline,2,Cora,zero_hop,GCN,10,10000,1,False,False,1,32,0.5938007433884536,1.2531545639038086,0.6000751292060372,1.2531545639038086,0,0.878,
baseline,2,Cora,zero_hop,GCN,10,10000,1,False,False,1,33,0.5913303906774077,1.248724925518036,0.6000751292060372,1.248724925518036,0,0.871,
baseline,2,Cora,zero_hop,GCN,10,10000,1,False,False,1,34,0.5915551293533657,1.2459526777267456,0.6000751292060372,1.2459526777267456,0,0.878,
baseline,2,Cora,zero_hop,GCN,10,10000,1,False,False,1,35,0.5897694150676516,1.2434131622314453,0.6000751292060372,1.2434131622314453,0,0.864,
baseline,2,Cora,zero_hop,GCN,10,10000,1,False,False,1,36,0.5875147253129618,1.237232792377472,0.6000751292060372,1.237232792377472,0,0.869,
baseline,2,Cora,zero_hop,GCN,10,10000,1,False,False,1,37,0.5899983854436808,1.236558973789215,0.6000751292060372,1.236558973789215,0,0.868,
baseline,2,Cora,zero_hop,GCN,10,10000,1,False,False,1,38,0.5862126711579665,1.2382894277572631,0.6000751292060372,1.236558973789215,1,0.879,
baseline,2,Cora,zero_hop,GCN,10,10000,1,False,False,1,39,0.5897527714085931,1.2342177033424377,0.6000751292060372,1.2342177033424377,0,0.872,
baseline,2,Cora,zero_hop,GCN,10,10000,1,False,False,1,40,0.5878901340459558,1.2314711093902588,0.6000751292060372,1.2314711093902588,0,0.869,
baseline,2,Cora,zero_hop,GCN,10,10000,1,False,False,1,41,0.5898901340459558,1.2279413223266602,0.6000751292060372,1.2279413223266602,0,0.879,
baseline,2,Cora,zero_hop,GCN,10,10000,1,False,False,1,42,0.5879995246553464,1.2286230683326722,0.6000751292060372,1.2279413223266602,1,0.871,
baseline,2,Cora,zero_hop,GCN,10,10000,1,False,False,1,43,0.5881044197602415,1.2279024720191956,0.6000751292060372,1.2279024720191956,0,0.875,
baseline,2,Cora,zero_hop,GCN,10,10000,1,False,False,1,44,0.5898588057251537,1.2253382086753846,0.6000751292060372,1.2253382086753846,0,0.87,
baseline,2,Cora,zero_hop,GCN,10,10000,1,False,False,1,45,0.5878588057251537,1.2238168358802795,0.6000751292060372,1.2238168358802795,0,0.865,
baseline,2,Cora,zero_hop,GCN,10,10000,1,False,False,1,46,0.5898588057251537,1.2237415432929992,0.6000751292060372,1.2237415432929992,0,0.872,
baseline,2,Cora,zero_hop,GCN,10,10000,1,False,False,1,47,0.5898588057251537,1.223547911643982,0.6000751292060372,1.223547911643982,0,0.873,
baseline,2,Cora,zero_hop,GCN,10,10000,1,False,False,1,48,0.591644520010868,1.2228681921958924,0.6000751292060372,1.2228681921958924,0,0.878,
baseline,2,Cora,zero_hop,GCN,10,10000,1,False,False,1,49,0.5913989059757803,1.2251626133918763,0.6000751292060372,1.2228681921958924,1,0.873,
baseline,2,Cora,zero_hop,GCN,10,1,1,False,False,1,0,0.14958620152154173,1.9470953583717345,0.14958620152154173,,0,5.529,
baseline,2,Cora,zero_hop,GCN,10,1,1,False,False,1,1,0.2039614466846435,1.9255113124847412,0.2039614466846435,,0,0.873,
baseline,2,Cora,zero_hop,GCN,10,1,1,False,False,1,2,0.2775708938972855,1.8964879751205443,0.2775708938972855,,0,0.874,
baseline,2,Cora,zero_hop,GCN,10,1,1,False,False,1,3,0.32218275932284507,1.8613119840621948,0.32218275932284507,,0,0.868,
baseline,2,Cora,zero_hop,GCN,10,1,1,False,False,1,4,0.373045021156815,1.8239888668060302,0.373045021156815,,0,0.877,
baseline,2,Cora,zero_hop,GCN,10,1,1,False,False,1,5,0.4396904960776446,1.7890397906303406,0.4396904960776446,,0,0.889,
baseline,2,Cora,zero_hop,GCN,10,1,1,False,False,1,6,0.4953355545683909,1.7460688710212708,0.4953355545683909,,0,0.867,
baseline,2,Cora,zero_hop,GCN,10,1,1,False,False,1,7,0.5263167810354715,1.7071393132209778,0.5263167810354715,,0,0.872,
baseline,2,Cora,zero_hop,GCN,10,1,1,False,False,1,8,0.545188288290799,1.662781572341919,0.545188288290799,,0,0.866,
baseline,2,Cora,zero_hop,GCN,10,1,1,False,False,1,9,0.5767019522720728,1.6236938953399658,0.5767019522720728,,0,0.884,
baseline,2,Cora,zero_hop,GCN,10,1,1,False,False,1,10,0.5885852351270637,1.5864991545677185,0.5885852351270637,,0,0.868,
baseline,2,Cora,zero_hop,GCN,10,1,1,False,False,1,11,0.5998555006331833,1.552666175365448,0.5998555006331833,,0,0.868,
baseline,2,Cora,zero_hop,GCN,10,1,1,False,False,1,12,0.6087170671177006,1.5156477332115172,0.6087170671177006,,0,0.878,
baseline,2,Cora,zero_hop,GCN,10,1,1,False,False,1,13,0.6104485937262764,1.4847173810005188,0.6104485937262764,,0,0.874,
baseline,2,Cora,zero_hop,GCN,10,1,1,False,False,1,14,0.6152346297623124,1.455002498626709,0.6152346297623124,,0,0.87,
baseline,2,Cora,zero_hop,GCN,10,1,1,False,False,1,15,0.6143797531465662,1.4286903977394103,0.6152346297623124,1.4286903977394103,0,0.876,
baseline,2,Cora,zero_hop,GCN,10,1,1,False,False,1,16,0.6083925827973146,1.4018131732940673,0.6152346297623124,1.4018131732940673,0,0.867,
baseline,2,Cora,zero_hop,GCN,10,1,1,False,False,1,17,0.612975916130648,1.3755179166793823,0.6152346297623124,1.3755179166793823,0,0.875,
baseline,2,Cora,zero_hop,GCN,10,1,1,False,False,1,18,0.6075217119264437,1.3565995335578918,0.6152346297623124,1.3565995335578918,0,0.876,
baseline,2,Cora,zero_hop,GCN,10,1,1,False,False,1,19,0.6118272674819992,1.3365833520889283,0.6152346297623124,1.3365833520889283,0,0.874,
baseline,2,Cora,zero_hop,GCN,10,1,1,False,False,1,20,0.6167999450776277,1.3186681151390076,0.6167999450776277,1.3365833520889283,0,0.867,
baseline,2,Cora,zero_hop,GCN,10,1,1,False,False,1,21,0.618151296428979,1.2996585011482238,0.618151296428979,1.3365833520889283,0,0.864,
baseline,2,Cora,zero_hop,GCN,10,1,1,False,False,1,22,0.6194012964289792,1.2860663652420044,0.6194012964289792,1.3365833520889283,0,0.871,
baseline,2,Cora,zero_hop,GCN,10,1,1,False,False,1,23,0.6258377732283591,1.2717679262161254,0.6258377732283591,1.3365833520889283,0,0.875,
baseline,2,Cora,zero_hop,GCN,10,1,1,False,False,1,24,0.628337773228359,1.2581193029880524,0.628337773228359,1.3365833520889283,0,0.881,
baseline,2,Cora,zero_hop,GCN,10,1,1,False,False,1,25,0.6305599954505813,1.247158282995224,0.6305599954505813,1.3365833520889283,0,0.864,
baseline,2,Cora,zero_hop,GCN,10,1,1,False,False,1,26,0.6257364218770078,1.2363781869411468,0.6305599954505813,1.2363781869411468,0,0.875,
baseline,2,Cora,zero_hop,GCN,10,1,1,False,False,1,27,0.6286257661393029,1.226301258802414,0.6305599954505813,1.226301258802414,0,0.875,
baseline,2,Cora,zero_hop,GCN,10,1,1,False,False,1,28,0.627754895268432,1.2187971413135528,0.6305599954505813,1.2187971413135528,0,0.871,
baseline,2,Cora,zero_hop,GCN,10,1,1,False,False,1,29,0.6291062466197832,1.210901778936386,0.6305599954505813,1.210901778936386,0,0.868,
baseline,2,Cora,zero_hop,GCN,10,1,1,False,False,1,30,0.6291062466197832,1.2053708910942078,0.6305599954505813,1.2053708910942078,0,0.87,
baseline,2,Cora,zero_hop,GCN,10,1,1,False,False,1,31,0.6303562466197834,1.1964436590671539,0.6305599954505813,1.1964436590671539,0,0.876,
baseline,2,Cora,zero_hop,GCN,10,1,1,False,False,1,32,0.6328183678319045,1.192382800579071,0.6328183678319045,1.1964436590671539,0,0.873,
baseline,2,Cora,zero_hop,GCN,10,1,1,False,False,1,33,0.6344577120941995,1.1856714844703675,0.6344577120941995,1.1964436590671539,0,0.875,
baseline,2,Cora,zero_hop,GCN,10,1,1,False,False,1,34,0.6344577120941995,1.1799586534500122,0.6344577120941995,1.1799586534500122,0,0.871,
baseline,2,Cora,zero_hop,GCN,10,1,1,False,False,1,35,0.6365410454275329,1.1752662122249604,0.6365410454275329,1.1799586534500122,0,0.864,
baseline,2,Cora,zero_hop,GCN,10,1,1,False,False,1,36,0.6365410454275329,1.170232391357422,0.6365410454275329,1.170232391357422,0,0.878,
baseline,2,Cora,zero_hop,GCN,10,1,1,False,False,1,37,0.636263267649755,1.1670329093933105,0.6365410454275329,1.1670329093933105,0,0.871,
baseline,2,Cora,zero_hop,GCN,10,1,1,False,False,1,38,0.6399859452453835,1.1629691898822785,0.6399859452453835,1.1670329093933105,0,0.867,
baseline,2,Cora,zero_hop,GCN,10,1,1,False,False,1,39,0.6399859452453835,1.1587092638015748,0.6399859452453835,1.1587092638015748,0,0.879,
baseline,2,Cora,zero_hop,GCN,10,1,1,False,False,1,40,0.6399859452453835,1.1562359809875489,0.6399859452453835,1.1562359809875489,0,0.873,
baseline,2,Cora,zero_hop,GCN,10,1,1,False,False,1,41,0.6399859452453835,1.1529002904891967,0.6399859452453835,1.1529002904891967,0,0.871,
baseline,2,Cora,zero_hop,GCN,10,1,1,False,False,1,42,0.6413372965967349,1.1525029599666596,0.6413372965967349,1.1529002904891967,0,0.883,
baseline,2,Cora,zero_hop,GCN,10,1,1,False,False,1,43,0.6413372965967349,1.1487078368663788,0.6413372965967349,1.1487078368663788,0,0.877,
baseline,2,Cora,zero_hop,GCN,10,1,1,False,False,1,44,0.6458827511421894,1.1471769034862518,0.6458827511421894,1.1487078368663788,0,0.862,
baseline,2,Cora,zero_hop,GCN,10,1,1,False,False,1,45,0.6458827511421894,1.1452244341373443,0.6458827511421894,1.1452244341373443,0,0.866,
baseline,2,Cora,zero_hop,GCN,10,1,1,False,False,1,46,0.6458827511421894,1.1429539978504182,0.6458827511421894,1.1429539978504182,0,0.874,
baseline,2,Cora,zero_hop,GCN,10,1,1,False,False,1,47,0.650428205687644,1.1417950928211211,0.650428205687644,1.1429539978504182,0,0.863,
baseline,2,Cora,zero_hop,GCN,10,1,1,False,False,1,48,0.6458827511421894,1.1402827024459838,0.650428205687644,1.1402827024459838,0,0.868,
baseline,2,Cora,zero_hop,GCN,10,1,1,False,False,1,49,0.650428205687644,1.1392370820045472,0.650428205687644,1.1392370820045472,0,0.858,
fedavg_weighted,0,Cora,zero_hop,GCN,10,10000,1,False,False,1,0,0.23438040621599948,1.9220958828926087,0.23438040621599948,,0,5.582,
fedavg_weighted,0,Cora,zero_hop,GCN,10,10000,1,False,False,1,1,0.29039823480072047,1.9009558796882629,0.29039823480072047,,0,0.872,
fedavg_weighted,0,Cora,zero_hop,GCN,10,10000,1,False,False,1,2,0.3578181303571533,1.8735374569892884,0.3578181303571533,,0,0.876,
fedavg_weighted,0,Cora,zero_hop,GCN,10,10000,1,False,False,1,3,0.40572344934556615,1.8400177359580994,0.40572344934556615,,0,0.877,
fedavg_weighted,0,Cora,zero_hop,GCN,10,10000,1,False,False,1,4,0.45285294870102605,1.8018110275268555,0.45285294870102605,,0,0.874,
fedavg_weighted,0,Cora,zero_hop,GCN,10,10000,1,False,False,1,5,0.4808496703616975,1.765487015247345,0.4808496703616975,,0,0.864,
fedavg_weighted,0,Cora,zero_hop,GCN,10,10000,1,False,False,1,6,0.5050280603609203,1.727809190750122,0.5050280603609203,,0,0.87,
fedavg_weighted,0,Cora,zero_hop,GCN,10,10000,1,False,False,1,7,0.5144260088723513,1.6892369270324707,0.5144260088723513,,0,0.88,
fedavg_weighted,0,Cora,zero_hop,GCN,10,10000,1,False,False,1,8,0.5265428955983099,1.6563990235328674,0.5265428955983099,,0,0.867,
fedavg_weighted,0,Cora,zero_hop,GCN,10,10000,1,False,False,1,9,0.5316060484654046,1.6195252418518067,0.5316060484654046,,0,0.877,
fedavg_weighted,0,Cora,zero_hop,GCN,10,10000,1,False,False,1,10,0.5426527812398532,1.5870485067367555,0.5426527812398532,,0,0.863,
fedavg_weighted,0,Cora,zero_hop,GCN,10,10000,1,False,False,1,11,0.5397782891249333,1.5569475889205933,0.5426527812398532,1.5569475889205933,0,0.865,
fedavg_weighted,0,Cora,zero_hop,GCN,10,10000,1,False,False,1,12,0.5437140831291234,1.526077139377594,0.5437140831291234,1.5569475889205933,0,0.882,
fedavg_weighted,0,Cora,zero_hop,GCN,10,10000,1,False,False,1,13,0.5555879034056345,1.499756121635437,0.5555879034056345,1.5569475889205933,0,0.873,
fedavg_weighted,0,Cora,zero_hop,GCN,10,10000,1,False,False,1,14,0.5612503040520804,1.4749401926994323,0.5612503040520804,1.5569475889205933,0,0.875,
fedavg_weighted,0,Cora,zero_hop,GCN,10,10000,1,False,False,1,15,0.5790392445591643,1.4465036749839784,0.5790392445591643,1.5569475889205933,0,0.869,
fedavg_weighted,0,Cora,zero_hop,GCN,10,10000,1,False,False,1,16,0.5662212938326441,1.4267449855804444,0.5790392445591643,1.4267449855804444,0,0.872,
fedavg_weighted,0,Cora,zero_hop,GCN,10,10000,1,False,False,1,17,0.5643720234742998,1.4071986317634582,0.5790392445591643,1.4071986317634582,0,0.877,
fedavg_weighted,0,Cora,zero_hop,GCN,10,10000,1,False,False,1,18,0.558759970743603,1.3904884815216065,0.5790392445591643,1.3904884815216065,0,0.874,
fedavg_weighted,0,Cora,zero_hop,GCN,10,10000,1,False,False,1,19,0.562908983495557,1.3711529612541198,0.5790392445591643,1.3711529612541198,0,0.873,
fedavg_weighted,0,Cora,zero_hop,GCN,10,10000,1,False,False,1,20,0.5515534667125725,1.3565271019935607,0.5790392445591643,1.3565271019935607,0,0.878,
fedavg_weighted,0,Cora,zero_hop,GCN,10,10000,1,False,False,1,21,0.5548534752236247,1.3442580580711365,0.5790392445591643,1.3442580580711365,0,0.868,
fedavg_weighted,0,Cora,zero_hop,GCN,10,10000,1,False,False,1,22,0.5608206697937604,1.330363929271698,0.5790392445591643,1.330363929271698,0,0.881,
fedavg_weighted,0,Cora,zero_hop,GCN,10,10000,1,False,False,1,23,0.5589987743689239,1.3190579891204834,0.5790392445591643,1.3190579891204834,0,0.876,
fedavg_weighted,0,Cora,zero_hop,GCN,10,10000,1,False,False,1,24,0.5605074784308194,1.3084559440612793,0.5790392445591643,1.3084559440612793,0,0.886,
fedavg_weighted,0,Cora,zero_hop,GCN,10,10000,1,False,False,1,25,0.5559404849667671,1.297685718536377,0.5790392445591643,1.297685718536377,0,0.873,
fedavg_weighted,0,Cora,zero_hop,GCN,10,10000,1,False,False,1,26,0.5628239538014556,1.2855162858963012,0.5790392445591643,1.2855162858963012,0,0.882,
fedavg_weighted,0,Cora,zero_hop,GCN,10,10000,1,False,False,1,27,0.5581180714485143,1.2815993070602416,0.5790392445591643,1.2815993070602416,0,0.875,
fedavg_weighted,0,Cora,zero_hop,GCN,10,10000,1,False,False,1,28,0.5581572871347888,1.2703494668006896,0.5790392445591643,1.2703494668006896,0,0.878,
fedavg_weighted,0,Cora,zero_hop,GCN,10,10000,1,False,False,1,29,0.5603795093570111,1.2647039294242859,0.5790392445591643,1.2647039294242859,0,0.869,
fedavg_weighted,0,Cora,zero_hop,GCN,10,10000,1,False,False,1,30,0.5638926064294302,1.2603378295898438,0.5790392445591643,1.2603378295898438,0,0.878,
fedavg_weighted,0,Cora,zero_hop,GCN,10,10000,1,False,False,1,31,0.5644199133974152,1.251961898803711,0.5790392445591643,1.251961898803711,0,0.872,
fedavg_weighted,0,Cora,zero_hop,GCN,10,10000,1,False,False,1,32,0.560274614252116,1.245327067375183,0.5790392445591643,1.245327067375183,0,0.873,
fedavg_weighted,0,Cora,zero_hop,GCN,10,10000,1,False,False,1,33,0.5637877113245351,1.2422823429107666,0.5790392445591643,1.2422823429107666,0,0.875,
fedavg_weighted,0,Cora,zero_hop,GCN,10,10000,1,False,False,1,34,0.5640971890808213,1.237211811542511,0.5790392445591643,1.237211811542511,0,0.874,
fedavg_weighted,0,Cora,zero_hop,GCN,10,10000,1,False,False,1,35,0.5663194113030435,1.233928918838501,0.5790392445591643,1.233928918838501,0,0.873,
fedavg_weighted,0,Cora,zero_hop,GCN,10,10000,1,False,False,1,36,0.5659153708990032,1.2269320726394652,0.5790392445591643,1.2269320726394652,0,0.875,
fedavg_weighted,0,Cora,zero_hop,GCN,10,10000,1,False,False,1,37,0.5640971890808213,1.2243975281715394,0.5790392445591643,1.2243975281715394,0,0.874,
fedavg_weighted,0,Cora,zero_hop,GCN,10,10000,1,False,False,1,38,0.5646244960488063,1.2238629460334778,0.5790392445591643,1.2238629460334778,0,0.863,
fedavg_weighted,0,Cora,zero_hop,GCN,10,10000,1,False,False,1,39,0.5644968364743382,1.2192181944847107,0.5790392445591643,1.2192181944847107,0,0.874,
fedavg_weighted,0,Cora,zero_hop,GCN,10,10000,1,False,False,1,40,0.5644968364743382,1.216101098060608,0.5790392445591643,1.216101098060608,0,0.87,
fedavg_weighted,0,Cora,zero_hop,GCN,10,10000,1,False,False,1,41,0.5644968364743382,1.2140602588653564,0.5790392445591643,1.2140602588653564,0,0.872,
fedavg_weighted,0,Cora,zero_hop,GCN,10,10000,1,False,False,1,42,0.5684426778669882,1.2095941305160522,0.5790392445591643,1.2095941305160522,0,0.875,
fedavg_weighted,0,Cora,zero_hop,GCN,10,10000,1,False,False,1,43,0.572464031044474,1.2077909708023071,0.5790392445591643,1.2077909708023071,0,0.876,
fedavg_weighted,0,Cora,zero_hop,GCN,10,10000,1,False,False,1,44,0.5727254689529706,1.2057828783988953,0.5790392445591643,1.2057828783988953,0,0.876,
fedavg_weighted,0,Cora,zero_hop,GCN,10,10000,1,False,False,1,45,0.5727254689529706,1.2049690365791321,0.5790392445591643,1.2049690365791321,0,0.874,
fedavg_weighted,0,Cora,zero_hop,GCN,10,10000,1,False,False,1,46,0.5727254689529706,1.2024107694625854,0.5790392445591643,1.2024107694625854,0,0.872,
fedavg_weighted,0,Cora,zero_hop,GCN,10,10000,1,False,False,1,47,0.5727254689529706,1.2012173056602478,0.5790392445591643,1.2012173056602478,0,0.87,
fedavg_weighted,0,Cora,zero_hop,GCN,10,10000,1,False,False,1,48,0.5727254689529706,1.202422058582306,0.5790392445591643,1.2012173056602478,1,0.869,
fedavg_weighted,0,Cora,zero_hop,GCN,10,10000,1,False,False,1,49,0.5710305536987333,1.199639666080475,0.5790392445591643,1.199639666080475,0,0.87,
fedavg_weighted,0,Cora,zero_hop,GCN,10,1,1,False,False,1,0,0.25617720641452496,1.917768657207489,0.25617720641452496,,0,5.586,
fedavg_weighted,0,Cora,zero_hop,GCN,10,1,1,False,False,1,1,0.3255237841410836,1.8927736043930055,0.3255237841410836,,0,0.881,
fedavg_weighted,0,Cora,zero_hop,GCN,10,1,1,False,False,1,2,0.39545850205845473,1.8590683937072754,0.39545850205845473,,0,0.87,
fedavg_weighted,0,Cora,zero_hop,GCN,10,1,1,False,False,1,3,0.45115602779670444,1.8196537137031554,0.45115602779670444,,0,0.87,
fedavg_weighted,0,Cora,zero_hop,GCN,10,1,1,False,False,1,4,0.49558907239626143,1.777269434928894,0.49558907239626143,,0,0.897,
fedavg_weighted,0,Cora,zero_hop,GCN,10,1,1,False,False,1,5,0.5084589305537954,1.7345312356948852,0.5084589305537954,,0,0.887,
fedavg_weighted,0,Cora,zero_hop,GCN,10,1,1,False,False,1,6,0.5350766549288873,1.6946094036102295,0.5350766549288873,,0,0.871,
fedavg_weighted,0,Cora,zero_hop,GCN,10,1,1,False,False,1,7,0.5460321394690156,1.6568651437759399,0.5460321394690156,,0,0.883,
fedavg_weighted,0,Cora,zero_hop,GCN,10,1,1,False,False,1,8,0.5491368224675244,1.6195305466651917,0.5491368224675244,,0,0.891,
fedavg_weighted,0,Cora,zero_hop,GCN,10,1,1,False,False,1,9,0.5518116008270975,1.584533441066742,0.5518116008270975,,0,0.877,
fedavg_weighted,0,Cora,zero_hop,GCN,10,1,1,False,False,1,10,0.5568985842370623,1.5498352527618409,0.5568985842370623,,0,0.891,
fedavg_weighted,0,Cora,zero_hop,GCN,10,1,1,False,False,1,11,0.5619849351865794,1.518678033351898,0.5619849351865794,,0,0.876,
fedavg_weighted,0,Cora,zero_hop,GCN,10,1,1,False,False,1,12,0.5594401994871484,1.4858368396759034,0.5619849351865794,1.4858368396759034,0,0.872,
fedavg_weighted,0,Cora,zero_hop,GCN,10,1,1,False,False,1,13,0.5581569589181937,1.4563442826271058,0.5619849351865794,1.4563442826271058,0,0.87,
fedavg_weighted,0,Cora,zero_hop,GCN,10,1,1,False,False,1,14,0.5599778352798392,1.426772379875183,0.5619849351865794,1.426772379875183,0,0.868,
fedavg_weighted,0,Cora,zero_hop,GCN,10,1,1,False,False,1,15,0.5678719211438499,1.4002516388893127,0.5678719211438499,1.426772379875183,0,0.874,
fedavg_weighted,0,Cora,zero_hop,GCN,10,1,1,False,False,1,16,0.5718113150832438,1.3751083135604858,0.5718113150832438,1.426772379875183,0,0.873,
fedavg_weighted,0,Cora,zero_hop,GCN,10,1,1,False,False,1,17,0.5727139585390787,1.3526901364326478,0.5727139585390787,1.426772379875183,0,0.87,
fedavg_weighted,0,Cora,zero_hop,GCN,10,1,1,False,False,1,18,0.5773679353784102,1.329092311859131,0.5773679353784102,1.426772379875183,0,0.874,
fedavg_weighted,0,Cora,zero_hop,GCN,10,1,1,False,False,1,19,0.5756024544824946,1.3123560428619385,0.5773679353784102,1.3123560428619385,0,0.869,
fedavg_weighted,0,Cora,zero_hop,GCN,10,1,1,False,False,1,20,0.5792915190411243,1.2924442052841187,0.5792915190411243,1.3123560428619385,0,0.875,
fedavg_weighted,0,Cora,zero_hop,GCN,10,1,1,False,False,1,21,0.5811559543283163,1.2803236722946167,0.5811559543283163,1.3123560428619385,0,0.93,
fedavg_weighted,0,Cora,zero_hop,GCN,10,1,1,False,False,1,22,0.5833824281320334,1.2649012804031372,0.5833824281320334,1.3123560428619385,0,0.866,
fedavg_weighted,0,Cora,zero_hop,GCN,10,1,1,False,False,1,23,0.5818672766168819,1.2513250827789306,0.5833824281320334,1.2513250827789306,0,0.876,
fedavg_weighted,0,Cora,zero_hop,GCN,10,1,1,False,False,1,24,0.5754413714283786,1.2400939226150514,0.5833824281320334,1.2400939226150514,0,0.908,
fedavg_weighted,0,Cora,zero_hop,GCN,10,1,1,False,False,1,25,0.5792292502162575,1.2284547805786132,0.5833824281320334,1.2284547805786132,0,0.889,
fedavg_weighted,0,Cora,zero_hop,GCN,10,1,1,False,False,1,26,0.580701408873771,1.219929301738739,0.5833824281320334,1.219929301738739,0,0.88,
fedavg_weighted,0,Cora,zero_hop,GCN,10,1,1,False,False,1,27,0.580701408873771,1.2101593375205995,0.5833824281320334,1.2101593375205995,0,0.872,
fedavg_weighted,0,Cora,zero_hop,GCN,10,1,1,False,False,1,28,0.5829741361464981,1.20277881026268,0.5833824281320334,1.20277881026268,0,0.876,
fedavg_weighted,0,Cora,zero_hop,GCN,10,1,1,False,False,1,29,0.5881320987512693,1.1932523787021636,0.5881320987512693,1.20277881026268,0,0.89,
fedavg_weighted,0,Cora,zero_hop,GCN,10,1,1,False,False,1,30,0.5840411896603601,1.1879496812820434,0.5881320987512693,1.1879496812820434,0,0.877,
fedavg_weighted,0,Cora,zero_hop,GCN,10,1,1,False,False,1,31,0.5898579137934581,1.177237832546234,0.5898579137934581,1.1879496812820434,0,0.872,
fedavg_weighted,0,Cora,zero_hop,GCN,10,1,1,False,False,1,32,0.5854048260239966,1.1770495116710662,0.5898579137934581,1.1770495116710662,0,0.876,
fedavg_weighted,0,Cora,zero_hop,GCN,10,1,1,False,False,1,33,0.5897063986419429,1.170417809486389,0.5898579137934581,1.170417809486389,0,0.875,
fedavg_weighted,0,Cora,zero_hop,GCN,10,1,1,False,False,1,34,0.5918803116854212,1.1631731033325194,0.5918803116854212,1.170417809486389,0,0.871,
fedavg_weighted,0,Cora,zero_hop,GCN,10,1,1,False,False,1,35,0.5912215501570943,1.1621473550796508,0.5918803116854212,1.1621473550796508,0,0.875,
fedavg_weighted,0,Cora,zero_hop,GCN,10,1,1,False,False,1,36,0.593262366483625,1.1565277874469757,0.593262366483625,1.1621473550796508,0,0.874,
fedavg_weighted,0,Cora,zero_hop,GCN,10,1,1,False,False,1,37,0.5954362795271033,1.1531508445739747,0.5954362795271033,1.1621473550796508,0,0.878,
fedavg_weighted,0,Cora,zero_hop,GCN,10,1,1,False,False,1,38,0.5954362795271033,1.1493568897247315,0.5954362795271033,1.1493568897247315,0,0.872,
fedavg_weighted,0,Cora,zero_hop,GCN,10,1,1,False,False,1,39,0.5976101925705815,1.1486606061458589,0.5976101925705815,1.1493568897247315,0,0.873,
fedavg_weighted,0,Cora,zero_hop,GCN,10,1,1,False,False,1,40,0.6016918252236427,1.1455269396305083,0.6016918252236427,1.1493568897247315,0,0.871,
fedavg_weighted,0,Cora,zero_hop,GCN,10,1,1,False,False,1,41,0.5992768592372482,1.1414142668247222,0.6016918252236427,1.1414142668247222,0,0.87,
fedavg_weighted,0,Cora,zero_hop,GCN,10,1,1,False,False,1,42,0.5976101925705815,1.1404077053070067,0.6016918252236427,1.1404077053070067,0,0.881,
fedavg_weighted,0,Cora,zero_hop,GCN,10,1,1,False,False,1,43,0.5992768592372482,1.139886462688446,0.6016918252236427,1.139886462688446,0,0.873,
fedavg_weighted,0,Cora,zero_hop,GCN,10,1,1,False,False,1,44,0.6033584918903093,1.1349692344665527,0.6033584918903093,1.139886462688446,0,0.874,
fedavg_weighted,0,Cora,zero_hop,GCN,10,1,1,False,False,1,45,0.6011845788468312,1.1358714520931243,0.6033584918903093,1.1358714520931243,0,0.877,
fedavg_weighted,0,Cora,zero_hop,GCN,10,1,1,False,False,1,46,0.5992768592372482,1.1339951932430268,0.6033584918903093,1.1339951932430268,0,0.875,
fedavg_weighted,0,Cora,zero_hop,GCN,10,1,1,False,False,1,47,0.5992768592372482,1.133509486913681,0.6033584918903093,1.133509486913681,0,0.875,
fedavg_weighted,0,Cora,zero_hop,GCN,10,1,1,False,False,1,48,0.5971029461937698,1.13175630569458,0.6033584918903093,1.13175630569458,0,0.871,
fedavg_weighted,0,Cora,zero_hop,GCN,10,1,1,False,False,1,49,0.5992768592372482,1.1298040747642517,0.6033584918903093,1.1298040747642517,0,0.87,
fedavg_weighted,1,Cora,zero_hop,GCN,10,10000,1,False,False,1,0,0.20992103614951252,1.9184096455574036,0.20992103614951252,,0,5.599,
fedavg_weighted,1,Cora,zero_hop,GCN,10,10000,1,False,False,1,1,0.2456307804902096,1.8981943130493164,0.2456307804902096,,0,0.878,
fedavg_weighted,1,Cora,zero_hop,GCN,10,10000,1,False,False,1,2,0.26745371562990194,1.8708823800086976,0.26745371562990194,,0,0.874,
fedavg_weighted,1,Cora,zero_hop,GCN,10,10000,1,False,False,1,3,0.2926868079791253,1.838640522956848,0.2926868079791253,,0,0.881,
fedavg_weighted,1,Cora,zero_hop,GCN,10,10000,1,False,False,1,4,0.32455682329053803,1.8059213399887084,0.32455682329053803,,0,0.879,
fedavg_weighted,1,Cora,zero_hop,GCN,10,10000,1,False,False,1,5,0.35428277849475415,1.7700428128242494,0.35428277849475415,,0,0.881,
fedavg_weighted,1,Cora,zero_hop,GCN,10,10000,1,False,False,1,6,0.4002205422785017,1.7296590089797974,0.4002205422785017,,0,0.882,
fedavg_weighted,1,Cora,zero_hop,GCN,10,10000,1,False,False,1,7,0.435895841207082,1.6953247785568237,0.435895841207082,,0,0.872,
fedavg_weighted,1,Cora,zero_hop,GCN,10,10000,1,False,False,1,8,0.47388619668129134,1.6570848226547241,0.47388619668129134,,0,0.88,
fedavg_weighted,1,Cora,zero_hop,GCN,10,10000,1,False,False,1,9,0.4854925866681161,1.624160611629486,0.4854925866681161,,0,0.877,
fedavg_weighted,1,Cora,zero_hop,GCN,10,10000,1,False,False,1,10,0.5089068695112863,1.589279580116272,0.5089068695112863,,0,0.867,
fedavg_weighted,1,Cora,zero_hop,GCN,10,10000,1,False,False,1,11,0.5215639059776447,1.557759416103363,0.5215639059776447,,0,0.873,
fedavg_weighted,1,Cora,zero_hop,GCN,10,10000,1,False,False,1,12,0.5434970106088626,1.5280144453048705,0.5434970106088626,,0,0.87,
fedavg_weighted,1,Cora,zero_hop,GCN,10,10000,1,False,False,1,13,0.5449953849825967,1.5004944562911988,0.5449953849825967,,0,0.875,
fedavg_weighted,1,Cora,zero_hop,GCN,10,10000,1,False,False,1,14,0.5474599894539168,1.473385739326477,0.5474599894539168,,0,0.872,
fedavg_weighted,1,Cora,zero_hop,GCN,10,10000,1,False,False,1,15,0.5516549047081541,1.4502126812934875,0.5516549047081541,,0,0.87,
fedavg_weighted,1,Cora,zero_hop,GCN,10,10000,1,False,False,1,16,0.5552366124152217,1.4288761258125304,0.5552366124152217,,0,0.869,
fedavg_weighted,1,Cora,zero_hop,GCN,10,10000,1,False,False,1,17,0.5589866124152216,1.408068346977234,0.5589866124152216,,0,0.877,
fedavg_weighted,1,Cora,zero_hop,GCN,10,10000,1,False,False,1,18,0.5608554407129371,1.39189532995224,0.5608554407129371,,0,0.872,
fedavg_weighted,1,Cora,zero_hop,GCN,10,10000,1,False,False,1,19,0.560968648260107,1.376077365875244,0.560968648260107,,0,0.879,
fedavg_weighted,1,Cora,zero_hop,GCN,10,10000,1,False,False,1,20,0.5632438587920332,1.359090256690979,0.5632438587920332,,0,0.882,
fedavg_weighted,1,Cora,zero_hop,GCN,10,10000,1,False,False,1,21,0.563069945748555,1.3490689158439637,0.5632438587920332,1.3490689158439637,0,0.87,
fedavg_weighted,1,Cora,zero_hop,GCN,10,10000,1,False,False,1,22,0.5632618229471478,1.334753143787384,0.5632618229471478,1.3490689158439637,0,0.876,
fedavg_weighted,1,Cora,zero_hop,GCN,10,10000,1,False,False,1,23,0.5631486153999781,1.3247777342796325,0.5632618229471478,1.3247777342796325,0,0.878,
fedavg_weighted,1,Cora,zero_hop,GCN,10,10000,1,False,False,1,24,0.5695046760060387,1.314184319972992,0.5695046760060387,1.3247777342796325,0,0.875,
fedavg_weighted,1,Cora,zero_hop,GCN,10,10000,1,False,False,1,25,0.5733452557161836,1.307981789112091,0.5733452557161836,1.3247777342796325,0,0.876,
fedavg_weighted,1,Cora,zero_hop,GCN,10,10000,1,False,False,1,26,0.5688986153999781,1.3001244783401489,0.5733452557161836,1.3001244783401489,0,0.867,
fedavg_weighted,1,Cora,zero_hop,GCN,10,10000,1,False,False,1,27,0.5733452557161836,1.2938312530517577,0.5733452557161836,1.2938312530517577,0,0.868,
fedavg_weighted,1,Cora,zero_hop,GCN,10,10000,1,False,False,1,28,0.5710725284434564,1.287747859954834,0.5733452557161836,1.287747859954834,0,0.88,
fedavg_weighted,1,Cora,zero_hop,GCN,10,10000,1,False,False,1,29,0.5710725284434564,1.2826274752616882,0.5733452557161836,1.2826274752616882,0,0.867,
fedavg_weighted,1,Cora,zero_hop,GCN,10,10000,1,False,False,1,30,0.5731558617767897,1.2758592367172241,0.5733452557161836,1.2758592367172241,0,0.876,
fedavg_weighted,1,Cora,zero_hop,GCN,10,10000,1,False,False,1,31,0.5667998011707291,1.2750337243080139,0.5733452557161836,1.2750337243080139,0,0.871,
fedavg_weighted,1,Cora,zero_hop,GCN,10,10000,1,False,False,1,32,0.577239195110123,1.268691885471344,0.577239195110123,1.2750337243080139,0,0.861,
fedavg_weighted,1,Cora,zero_hop,GCN,10,10000,1,False,False,1,33,0.5728831345040624,1.2666802048683166,0.577239195110123,1.2666802048683166,0,0.868,
fedavg_weighted,1,Cora,zero_hop,GCN,10,10000,1,False,False,1,34,0.5789058617767896,1.2595711588859557,0.5789058617767896,1.2666802048683166,0,0.878,
fedavg_weighted,1,Cora,zero_hop,GCN,10,10000,1,False,False,1,35,0.5749664678373957,1.2589763045310973,0.5789058617767896,1.2589763045310973,0,0.877,
fedavg_weighted,1,Cora,zero_hop,GCN,10,10000,1,False,False,1,36,0.5728831345040624,1.2578407168388366,0.5789058617767896,1.2578407168388366,0,0.87,
fedavg_weighted,1,Cora,zero_hop,GCN,10,10000,1,False,False,1,37,0.5749664678373957,1.2563498139381408,0.5789058617767896,1.2563498139381408,0,0.878,
fedavg_weighted,1,Cora,zero_hop,GCN,10,10000,1,False,False,1,38,0.5749664678373957,1.254014903306961,0.5789058617767896,1.254014903306961,0,0.874,
fedavg_weighted,1,Cora,zero_hop,GCN,10,10000,1,False,False,1,39,0.5749664678373957,1.2505043566226959,0.5789058617767896,1.2505043566226959,0,0.879,
fedavg_weighted,1,Cora,zero_hop,GCN,10,10000,1,False,False,1,40,0.5749664678373957,1.2514636874198914,0.5789058617767896,1.2505043566226959,1,0.875,
fedavg_weighted,1,Cora,zero_hop,GCN,10,10000,1,False,False,1,41,0.5749664678373957,1.2471559584140777,0.5789058617767896,1.2471559584140777,0,0.873,
fedavg_weighted,1,Cora,zero_hop,GCN,10,10000,1,False,False,1,42,0.5749664678373957,1.2492203652858733,0.5789058617767896,1.2471559584140777,1,0.873,
fedavg_weighted,1,Cora,zero_hop,GCN,10,10000,1,False,False,1,43,0.575049801170729,1.2483188033103942,0.5789058617767896,1.2471559584140777,2,0.871,
fedavg_weighted,1,Cora,zero_hop,GCN,10,10000,1,False,False,1,44,0.575049801170729,1.2488578736782074,0.5789058617767896,1.2471559584140777,3,0.879,
fedavg_weighted,1,Cora,zero_hop,GCN,10,10000,1,False,False,1,45,0.577049801170729,1.2437158942222595,0.5789058617767896,1.2437158942222595,0,0.869,
fedavg_weighted,1,Cora,zero_hop,GCN,10,10000,1,False,False,1,46,0.577049801170729,1.2448464035987854,0.5789058617767896,1.2437158942222595,1,0.87,
fedavg_weighted,1,Cora,zero_hop,GCN,10,10000,1,False,False,1,47,0.575049801170729,1.2441064417362213,0.5789058617767896,1.2437158942222595,2,0.872,
fedavg_weighted,1,Cora,zero_hop,GCN,10,10000,1,False,False,1,48,0.575049801170729,1.2441810607910155,0.5789058617767896,1.2437158942222595,3,0.879,
fedavg_weighted,1,Cora,zero_hop,GCN,10,10000,1,False,False,1,49,0.575049801170729,1.2439586520195007,0.5789058617767896,1.2437158942222595,4,0.876,
fedavg_weighted,1,Cora,zero_hop,GCN,10,1,1,False,False,1,0,0.20596450691029067,1.9182547569274901,0.20596450691029067,,0,5.539,
fedavg_weighted,1,Cora,zero_hop,GCN,10,1,1,False,False,1,1,0.273910521170667,1.8932650208473205,0.273910521170667,,0,0.876,
fedavg_weighted,1,Cora,zero_hop,GCN,10,1,1,False,False,1,2,0.33622544662882203,1.8593671321868896,0.33622544662882203,,0,0.881,
fedavg_weighted,1,Cora,zero_hop,GCN,10,1,1,False,False,1,3,0.39703839605299396,1.822011399269104,0.39703839605299396,,0,0.891,
fedavg_weighted,1,Cora,zero_hop,GCN,10,1,1,False,False,1,4,0.44835698281747616,1.78192036151886,0.44835698281747616,,0,0.875,
fedavg_weighted,1,Cora,zero_hop,GCN,10,1,1,False,False,1,5,0.48941029544687564,1.745130228996277,0.48941029544687564,,0,0.873,
fedavg_weighted,1,Cora,zero_hop,GCN,10,1,1,False,False,1,6,0.50601978356131,1.707370352745056,0.50601978356131,,0,0.877,
fedavg_weighted,1,Cora,zero_hop,GCN,10,1,1,False,False,1,7,0.5209261772167826,1.6715635895729064,0.5209261772167826,,0,0.876,
fedavg_weighted,1,Cora,zero_hop,GCN,10,1,1,False,False,1,8,0.5166971794275416,1.6382820844650268,0.5209261772167826,1.6382820844650268,0,0.869,
fedavg_weighted,1,Cora,zero_hop,GCN,10,1,1,False,False,1,9,0.5448738156598881,1.6033948898315429,0.5448738156598881,1.6382820844650268,0,0.91,
fedavg_weighted,1,Cora,zero_hop,GCN,10,1,1,False,False,1,10,0.5567049395489887,1.569517183303833,0.5567049395489887,1.6382820844650268,0,0.87,
fedavg_weighted,1,Cora,zero_hop,GCN,10,1,1,False,False,1,11,0.5625354421561768,1.5349278092384337,0.5625354421561768,1.6382820844650268,0,0.871,
fedavg_weighted,1,Cora,zero_hop,GCN,10,1,1,False,False,1,12,0.5673012804206696,1.5051584601402284,0.5673012804206696,1.6382820844650268,0,0.888,
fedavg_weighted,1,Cora,zero_hop,GCN,10,1,1,False,False,1,13,0.576033310968738,1.4760053873062133,0.576033310968738,1.6382820844650268,0,0.877,
fedavg_weighted,1,Cora,zero_hop,GCN,10,1,1,False,False,1,14,0.5820676303707802,1.4499523043632507,0.5820676303707802,1.6382820844650268,0,0.881,
fedavg_weighted,1,Cora,zero_hop,GCN,10,1,1,False,False,1,15,0.586856925654281,1.421671986579895,0.586856925654281,1.6382820844650268,0,0.879,
fedavg_weighted,1,Cora,zero_hop,GCN,10,1,1,False,False,1,16,0.5983641165338456,1.401022982597351,0.5983641165338456,1.6382820844650268,0,0.868,
fedavg_weighted,1,Cora,zero_hop,GCN,10,1,1,False,False,1,17,0.6052657247452001,1.3761970281600953,0.6052657247452001,1.6382820844650268,0,0.888,
fedavg_weighted,1,Cora,zero_hop,GCN,10,1,1,False,False,1,18,0.60929148964053,1.3562291502952575,0.60929148964053,1.6382820844650268,0,0.882,
fedavg_weighted,1,Cora,zero_hop,GCN,10,1,1,False,False,1,19,0.609946251545292,1.3379790663719178,0.609946251545292,1.6382820844650268,0,0.879,
fedavg_weighted,1,Cora,zero_hop,GCN,10,1,1,False,False,1,20,0.6221578342460052,1.3211028218269347,0.6221578342460052,1.6382820844650268,0,0.884,
fedavg_weighted,1,Cora,zero_hop,GCN,10,1,1,False,False,1,21,0.6153172598326773,1.3069603800773621,0.6221578342460052,1.3069603800773621,0,0.874,
fedavg_weighted,1,Cora,zero_hop,GCN,10,1,1,False,False,1,22,0.6205024450178624,1.291696298122406,0.6221578342460052,1.291696298122406,0,0.884,
fedavg_weighted,1,Cora,zero_hop,GCN,10,1,1,False,False,1,23,0.621931016446434,1.278210997581482,0.6221578342460052,1.278210997581482,0,0.881,
fedavg_weighted,1,Cora,zero_hop,GCN,10,1,1,False,False,1,24,0.624586002969345,1.2660339593887329,0.624586002969345,1.278210997581482,0,0.875,
fedavg_weighted,1,Cora,zero_hop,GCN,10,1,1,False,False,1,25,0.6208265818996808,1.2545259118080139,0.624586002969345,1.2545259118080139,0,0.881,
fedavg_weighted,1,Cora,zero_hop,GCN,10,1,1,False,False,1,26,0.6271779281903597,1.245910406112671,0.6271779281903597,1.2545259118080139,0,0.876,
fedavg_weighted,1,Cora,zero_hop,GCN,10,1,1,False,False,1,27,0.6271779281903597,1.2353642582893372,0.6271779281903597,1.2353642582893372,0,0.877,
fedavg_weighted,1,Cora,zero_hop,GCN,10,1,1,False,False,1,28,0.6271779281903597,1.225374460220337,0.6271779281903597,1.225374460220337,0,0.879,
fedavg_weighted,1,Cora,zero_hop,GCN,10,1,1,False,False,1,29,0.6271779281903597,1.2171796679496765,0.6271779281903597,1.2171796679496765,0,0.873,
fedavg_weighted,1,Cora,zero_hop,GCN,10,1,1,False,False,1,30,0.6271779281903597,1.2126627802848815,0.6271779281903597,1.2126627802848815,0,0.885,
fedavg_weighted,1,Cora,zero_hop,GCN,10,1,1,False,False,1,31,0.6271779281903597,1.2050152182579041,0.6271779281903597,1.2050152182579041,0,0.872,
fedavg_weighted,1,Cora,zero_hop,GCN,10,1,1,False,False,1,32,0.6255112615236931,1.198436689376831,0.6271779281903597,1.198436689376831,0,0.878,
fedavg_weighted,1,Cora,zero_hop,GCN,10,1,1,False,False,1,33,0.6271779281903597,1.195053017139435,0.6271779281903597,1.195053017139435,0,0.869,
fedavg_weighted,1,Cora,zero_hop,GCN,10,1,1,False,False,1,34,0.6286064996189311,1.1880664944648742,0.6286064996189311,1.195053017139435,0,0.886,
fedavg_weighted,1,Cora,zero_hop,GCN,10,1,1,False,False,1,35,0.6286064996189311,1.1852602124214173,0.6286064996189311,1.1852602124214173,0,0.874,
fedavg_weighted,1,Cora,zero_hop,GCN,10,1,1,False,False,1,36,0.6286347482065018,1.1797420859336853,0.6286347482065018,1.1852602124214173,0,0.868,
fedavg_weighted,1,Cora,zero_hop,GCN,10,1,1,False,False,1,37,0.6266989304011187,1.178458023071289,0.6286347482065018,1.178458023071289,0,0.875,
fedavg_weighted,1,Cora,zero_hop,GCN,10,1,1,False,False,1,38,0.6233655970677854,1.1756240010261536,0.6286347482065018,1.1756240010261536,0,0.878,
fedavg_weighted,1,Cora,zero_hop,GCN,10,1,1,False,False,1,39,0.6233655970677854,1.1724722385406494,0.6286347482065018,1.1724722385406494,0,0.878,
fedavg_weighted,1,Cora,zero_hop,GCN,10,1,1,False,False,1,40,0.6252523895206156,1.1705271124839782,0.6286347482065018,1.1705271124839782,0,0.877,
fedavg_weighted,1,Cora,zero_hop,GCN,10,1,1,False,False,1,41,0.6292781544159457,1.1690598368644713,0.6292781544159457,1.1705271124839782,0,0.872,
fedavg_weighted,1,Cora,zero_hop,GCN,10,1,1,False,False,1,42,0.6271042413724673,1.1654721736907958,0.6292781544159457,1.1654721736907958,0,0.885,
fedavg_weighted,1,Cora,zero_hop,GCN,10,1,1,False,False,1,43,0.6254093261182301,1.164636528491974,0.6292781544159457,1.164636528491974,0,0.871,
fedavg_weighted,1,Cora,zero_hop,GCN,10,1,1,False,False,1,44,0.6292781544159457,1.165791893005371,0.6292781544159457,1.164636528491974,1,0.874,
fedavg_weighted,1,Cora,zero_hop,GCN,10,1,1,False,False,1,45,0.628770908039134,1.162247908115387,0.6292781544159457,1.162247908115387,0,0.88,
fedavg_weighted,1,Cora,zero_hop,GCN,10,1,1,False,False,1,46,0.6292781544159457,1.1615956664085387,0.6292781544159457,1.1615956664085387,0,0.864,
fedavg_weighted,1,Cora,zero_hop,GCN,10,1,1,False,False,1,47,0.6271042413724673,1.1606207847595216,0.6292781544159457,1.1606207847595216,0,0.878,
fedavg_weighted,1,Cora,zero_hop,GCN,10,1,1,False,False,1,48,0.6292781544159457,1.1621165990829467,0.6292781544159457,1.1606207847595216,1,0.887,
fedavg_weighted,1,Cora,zero_hop,GCN,10,1,1,False,False,1,49,0.6287709080391342,1.1601752877235412,0.6292781544159457,1.1601752877235412,0,0.874,
fedavg_weighted,2,Cora,zero_hop,GCN,10,10000,1,False,False,1,0,0.12955052578998974,1.9516225337982178,0.12955052578998974,,0,5.542,
fedavg_weighted,2,Cora,zero_hop,GCN,10,10000,1,False,False,1,1,0.1711601905190655,1.9353128671646118,0.1711601905190655,,0,0.876,
fedavg_weighted,2,Cora,zero_hop,GCN,10,10000,1,False,False,1,2,0.21979327236983673,1.9068881273269653,0.21979327236983673,,0,0.882,
fedavg_weighted,2,Cora,zero_hop,GCN,10,10000,1,False,False,1,3,0.2810034703206208,1.8764164090156554,0.2810034703206208,,0,0.886,
fedavg_weighted,2,Cora,zero_hop,GCN,10,10000,1,False,False,1,4,0.3358635492172367,1.8370367169380188,0.3358635492172367,,0,0.882,
fedavg_weighted,2,Cora,zero_hop,GCN,10,10000,1,False,False,1,5,0.40033792177858285,1.7981737017631532,0.40033792177858285,,0,0.889,
fedavg_weighted,2,Cora,zero_hop,GCN,10,10000,1,False,False,1,6,0.4398319709863948,1.7548828840255737,0.4398319709863948,,0,0.879,
fedavg_weighted,2,Cora,zero_hop,GCN,10,10000,1,False,False,1,7,0.4608319412603589,1.712386167049408,0.4608319412603589,,0,0.878,
fedavg_weighted,2,Cora,zero_hop,GCN,10,10000,1,False,False,1,8,0.4820538697313676,1.6730608940124512,0.4820538697313676,,0,0.877,
fedavg_weighted,2,Cora,zero_hop,GCN,10,10000,1,False,False,1,9,0.5087308920121754,1.629470431804657,0.5087308920121754,,0,0.872,
fedavg_weighted,2,Cora,zero_hop,GCN,10,10000,1,False,False,1,10,0.5326483905573263,1.5869187474250794,0.5326483905573263,,0,0.875,
fedavg_weighted,2,Cora,zero_hop,GCN,10,10000,1,False,False,1,11,0.5538987912497665,1.546359896659851,0.5538987912497665,,0,0.888,
fedavg_weighted,2,Cora,zero_hop,GCN,10,10000,1,False,False,1,12,0.5633525451262289,1.5128285765647889,0.5633525451262289,,0,0.875,
fedavg_weighted,2,Cora,zero_hop,GCN,10,10000,1,False,False,1,13,0.5716649992979242,1.4827438712120056,0.5716649992979242,,0,0.908,
fedavg_weighted,2,Cora,zero_hop,GCN,10,10000,1,False,False,1,14,0.5700286356615607,1.4564968943595886,0.5716649992979242,1.4564968943595886,0,0.885,
fedavg_weighted,2,Cora,zero_hop,GCN,10,10000,1,False,False,1,15,0.5722772939799864,1.4288524985313416,0.5722772939799864,1.4564968943595886,0,0.874,
fedavg_weighted,2,Cora,zero_hop,GCN,10,10000,1,False,False,1,16,0.5829023415533735,1.4098053216934203,0.5829023415533735,1.4564968943595886,0,0.866,
fedavg_weighted,2,Cora,zero_hop,GCN,10,10000,1,False,False,1,17,0.5815231841254356,1.3890333771705627,0.5829023415533735,1.3890333771705627,0,0.879,
fedavg_weighted,2,Cora,zero_hop,GCN,10,10000,1,False,False,1,18,0.5884670219709951,1.3732936263084412,0.5884670219709951,1.3890333771705627,0,0.989,
fedavg_weighted,2,Cora,zero_hop,GCN,10,10000,1,False,False,1,19,0.5866488401528132,1.3615432381629944,0.5884670219709951,1.3615432381629944,0,0.877,
fedavg_weighted,2,Cora,zero_hop,GCN,10,10000,1,False,False,1,20,0.5920317023886167,1.341670274734497,0.5920317023886167,1.3615432381629944,0,0.886,
fedavg_weighted,2,Cora,zero_hop,GCN,10,10000,1,False,False,1,21,0.5908318466887609,1.3352490663528442,0.5920317023886167,1.3352490663528442,0,0.87,
fedavg_weighted,2,Cora,zero_hop,GCN,10,10000,1,False,False,1,22,0.5924682103251246,1.3177709102630615,0.5924682103251246,1.3352490663528442,0,0.883,
fedavg_weighted,2,Cora,zero_hop,GCN,10,10000,1,False,False,1,23,0.5921690650259793,1.313444697856903,0.5924682103251246,1.313444697856903,0,0.883,
fedavg_weighted,2,Cora,zero_hop,GCN,10,10000,1,False,False,1,24,0.6002256405733749,1.2985777020454408,0.6002256405733749,1.313444697856903,0,0.867,
fedavg_weighted,2,Cora,zero_hop,GCN,10,10000,1,False,False,1,25,0.5984399262876606,1.2947424173355102,0.6002256405733749,1.2947424173355102,0,0.872,
fedavg_weighted,2,Cora,zero_hop,GCN,10,10000,1,False,False,1,26,0.6002256405733749,1.2852171421051026,0.6002256405733749,1.2852171421051026,0,0.869,
fedavg_weighted,2,Cora,zero_hop,GCN,10,10000,1,False,False,1,27,0.5966542120019462,1.2828598856925963,0.6002256405733749,1.2828598856925963,0,0.873,
fedavg_weighted,2,Cora,zero_hop,GCN,10,10000,1,False,False,1,28,0.5919929653894802,1.2747179865837097,0.6002256405733749,1.2747179865837097,0,0.874,
fedavg_weighted,2,Cora,zero_hop,GCN,10,10000,1,False,False,1,29,0.5919929653894802,1.26815505027771,0.6002256405733749,1.26815505027771,0,0.882,
fedavg_weighted,2,Cora,zero_hop,GCN,10,10000,1,False,False,1,30,0.5922151876117023,1.2679290413856505,0.6002256405733749,1.2679290413856505,0,0.876,
fedavg_weighted,2,Cora,zero_hop,GCN,10,10000,1,False,False,1,31,0.591811147207662,1.2592504262924193,0.6002256405733749,1.2592504262924193,0,0.869,
fedavg_weighted,2,Cora,zero_hop,GCN,10,10000,1,False,False,1,32,0.5904608016467902,1.261367666721344,0.6002256405733749,1.2592504262924193,1,0.872,
fedavg_weighted,2,Cora,zero_hop,GCN,10,10000,1,False,False,1,33,0.591811147207662,1.2522512078285217,0.6002256405733749,1.2522512078285217,0,0.881,
fedavg_weighted,2,Cora,zero_hop,GCN,10,10000,1,False,False,1,34,0.5940333694298843,1.2516284227371215,0.6002256405733749,1.2516284227371215,0,0.876,
fedavg_weighted,2,Cora,zero_hop,GCN,10,10000,1,False,False,1,35,0.5915943450396404,1.2489783763885498,0.6002256405733749,1.2489783763885498,0,0.88,
fedavg_weighted,2,Cora,zero_hop,GCN,10,10000,1,False,False,1,36,0.5893721228174181,1.2437853932380676,0.6002256405733749,1.2437853932380676,0,0.878,
fedavg_weighted,2,Cora,zero_hop,GCN,10,10000,1,False,False,1,37,0.5915943450396404,1.243381130695343,0.6002256405733749,1.243381130695343,0,0.879,
fedavg_weighted,2,Cora,zero_hop,GCN,10,10000,1,False,False,1,38,0.589808630753926,1.2398850679397584,0.6002256405733749,1.2398850679397584,0,0.877,
fedavg_weighted,2,Cora,zero_hop,GCN,10,10000,1,False,False,1,39,0.5893696063636822,1.2390666007995605,0.6002256405733749,1.2390666007995605,0,0.873,
fedavg_weighted,2,Cora,zero_hop,GCN,10,10000,1,False,False,1,40,0.5893696063636822,1.2386753559112549,0.6002256405733749,1.2386753559112549,0,0.877,
fedavg_weighted,2,Cora,zero_hop,GCN,10,10000,1,False,False,1,41,0.5854745014685772,1.2377447605133056,0.6002256405733749,1.2377447605133056,0,0.879,
fedavg_weighted,2,Cora,zero_hop,GCN,10,10000,1,False,False,1,42,0.5913006197946956,1.2364230275154113,0.6002256405733749,1.2364230275154113,0,0.876,
fedavg_weighted,2,Cora,zero_hop,GCN,10,10000,1,False,False,1,43,0.5872926832867591,1.2306942462921142,0.6002256405733749,1.2306942462921142,0,0.873,
fedavg_weighted,2,Cora,zero_hop,GCN,10,10000,1,False,False,1,44,0.5913006197946956,1.2322670221328735,0.6002256405733749,1.2306942462921142,1,0.882,
fedavg_weighted,2,Cora,zero_hop,GCN,10,10000,1,False,False,1,45,0.5930550057596079,1.2303381085395813,0.6002256405733749,1.2303381085395813,0,0.877,
fedavg_weighted,2,Cora,zero_hop,GCN,10,10000,1,False,False,1,46,0.5948093917245203,1.230907666683197,0.6002256405733749,1.2303381085395813,1,0.874,
fedavg_weighted,2,Cora,zero_hop,GCN,10,10000,1,False,False,1,47,0.5948093917245203,1.2271563172340394,0.6002256405733749,1.2271563172340394,0,0.883,
fedavg_weighted,2,Cora,zero_hop,GCN,10,10000,1,False,False,1,48,0.5909912099063384,1.227844500541687,0.6002256405733749,1.2271563172340394,1,0.875,
fedavg_weighted,2,Cora,zero_hop,GCN,10,10000,1,False,False,1,49,0.5929912099063385,1.225369155406952,0.6002256405733749,1.225369155406952,0,0.877,
fedavg_weighted,2,Cora,zero_hop,GCN,10,1,1,False,False,1,0,0.14883301750748812,1.9467097759246825,0.14883301750748812,,0,5.584,
fedavg_weighted,2,Cora,zero_hop,GCN,10,1,1,False,False,1,1,0.19822561307668105,1.9279935479164123,0.19822561307668105,,0,0.88,
fedavg_weighted,2,Cora,zero_hop,GCN,10,1,1,False,False,1,2,0.24533534257466844,1.8995857000350953,0.24533534257466844,,0,0.875,
fedavg_weighted,2,Cora,zero_hop,GCN,10,1,1,False,False,1,3,0.32390199002875175,1.8589919209480286,0.32390199002875175,,0,0.883,
fedavg_weighted,2,Cora,zero_hop,GCN,10,1,1,False,False,1,4,0.3940992208783865,1.823691475391388,0.3940992208783865,,0,0.891,
fedavg_weighted,2,Cora,zero_hop,GCN,10,1,1,False,False,1,5,0.4320229206225516,1.7807883620262146,0.4320229206225516,,0,0.885,
fedavg_weighted,2,Cora,zero_hop,GCN,10,1,1,False,False,1,6,0.4527767428696027,1.7423557877540587,0.4527767428696027,,0,0.879,
fedavg_weighted,2,Cora,zero_hop,GCN,10,1,1,False,False,1,7,0.5083797296961484,1.6963871598243714,0.5083797296961484,,0,0.879,
fedavg_weighted,2,Cora,zero_hop,GCN,10,1,1,False,False,1,8,0.533960515399885,1.6568155884742737,0.533960515399885,,0,0.879,
fedavg_weighted,2,Cora,zero_hop,GCN,10,1,1,False,False,1,9,0.5529551916513323,1.6141219854354858,0.5529551916513323,,0,0.876,
fedavg_weighted,2,Cora,zero_hop,GCN,10,1,1,False,False,1,10,0.5729794967602488,1.5730494856834412,0.5729794967602488,,0,0.873,
fedavg_weighted,2,Cora,zero_hop,GCN,10,1,1,False,False,1,11,0.5912788471993689,1.5322900533676147,0.5912788471993689,,0,0.882,
fedavg_weighted,2,Cora,zero_hop,GCN,10,1,1,False,False,1,12,0.6117151949869284,1.4965235590934753,0.6117151949869284,,0,0.889,
fedavg_weighted,2,Cora,zero_hop,GCN,10,1,1,False,False,1,13,0.6191878725825568,1.4615687727928162,0.6191878725825568,,0,0.875,
fedavg_weighted,2,Cora,zero_hop,GCN,10,1,1,False,False,1,14,0.6242619015295364,1.4288438558578491,0.6242619015295364,,0,0.893,
fedavg_weighted,2,Cora,zero_hop,GCN,10,1,1,False,False,1,15,0.6365202739108597,1.397231674194336,0.6365202739108597,,0,0.882,
fedavg_weighted,2,Cora,zero_hop,GCN,10,1,1,False,False,1,16,0.6292721166627024,1.372182834148407,0.6365202739108597,1.372182834148407,0,0.886,
fedavg_weighted,2,Cora,zero_hop,GCN,10,1,1,False,False,1,17,0.6373911447817306,1.3457527160644531,0.6373911447817306,1.372182834148407,0,0.883,
fedavg_weighted,2,Cora,zero_hop,GCN,10,1,1,False,False,1,18,0.6422147183553042,1.3265814304351806,0.6422147183553042,1.372182834148407,0,0.873,
fedavg_weighted,2,Cora,zero_hop,GCN,10,1,1,False,False,1,19,0.6421133670039527,1.3056004881858825,0.6422147183553042,1.3056004881858825,0,0.871,
fedavg_weighted,2,Cora,zero_hop,GCN,10,1,1,False,False,1,20,0.6434647183553042,1.2851602554321289,0.6434647183553042,1.3056004881858825,0,0.872,
fedavg_weighted,2,Cora,zero_hop,GCN,10,1,1,False,False,1,21,0.6447147183553041,1.2702905058860778,0.6447147183553041,1.3056004881858825,0,0.869,
fedavg_weighted,2,Cora,zero_hop,GCN,10,1,1,False,False,1,22,0.645575374093009,1.2547682046890258,0.645575374093009,1.3056004881858825,0,0.871,
fedavg_weighted,2,Cora,zero_hop,GCN,10,1,1,False,False,1,23,0.6482780767957117,1.2387029886245728,0.6482780767957117,1.3056004881858825,0,0.878,
fedavg_weighted,2,Cora,zero_hop,GCN,10,1,1,False,False,1,24,0.6499174210580068,1.2264574408531188,0.6499174210580068,1.3056004881858825,0,0.884,
fedavg_weighted,2,Cora,zero_hop,GCN,10,1,1,False,False,1,25,0.6476951988357846,1.212555754184723,0.6499174210580068,1.212555754184723,0,0.891,
fedavg_weighted,2,Cora,zero_hop,GCN,10,1,1,False,False,1,26,0.6476951988357846,1.2032534956932068,0.6499174210580068,1.2032534956932068,0,0.885,
fedavg_weighted,2,Cora,zero_hop,GCN,10,1,1,False,False,1,27,0.6476951988357846,1.1937017440795898,0.6499174210580068,1.1937017440795898,0,0.875,
fedavg_weighted,2,Cora,zero_hop,GCN,10,1,1,False,False,1,28,0.6489451988357847,1.1861134231090547,0.6499174210580068,1.1861134231090547,0,0.877,
fedavg_weighted,2,Cora,zero_hop,GCN,10,1,1,False,False,1,29,0.6526678764314131,1.1781102061271667,0.6526678764314131,1.1861134231090547,0,0.879,
fedavg_weighted,2,Cora,zero_hop,GCN,10,1,1,False,False,1,30,0.6485285321691181,1.1715790390968324,0.6526678764314131,1.1715790390968324,0,0.876,
fedavg_weighted,2,Cora,zero_hop,GCN,10,1,1,False,False,1,31,0.6485285321691181,1.1641107976436615,0.6526678764314131,1.1641107976436615,0,0.88,
fedavg_weighted,2,Cora,zero_hop,GCN,10,1,1,False,False,1,32,0.6485285321691181,1.158657318353653,0.6526678764314131,1.158657318353653,0,0.88,
fedavg_weighted,2,Cora,zero_hop,GCN,10,1,1,False,False,1,33,0.6485285321691181,1.1539405584335327,0.6526678764314131,1.1539405584335327,0,0.874,
fedavg_weighted,2,Cora,zero_hop,GCN,10,1,1,False,False,1,34,0.6485285321691181,1.147161489725113,0.6526678764314131,1.147161489725113,0,0.882,
fedavg_weighted,2,Cora,zero_hop,GCN,10,1,1,False,False,1,35,0.6485285321691181,1.1456271648406982,0.6526678764314131,1.1456271648406982,0,0.887,
fedavg_weighted,2,Cora,zero_hop,GCN,10,1,1,False,False,1,36,0.6485285321691181,1.1428494155406952,0.6526678764314131,1.1428494155406952,0,0.878,
fedavg_weighted,2,Cora,zero_hop,GCN,10,1,1,False,False,1,37,0.6485285321691181,1.1391279697418213,0.6526678764314131,1.1391279697418213,0,0.885,
fedavg_weighted,2,Cora,zero_hop,GCN,10,1,1,False,False,1,38,0.6485285321691181,1.1370665431022644,0.6526678764314131,1.1370665431022644,0,0.873,
fedavg_weighted,2,Cora,zero_hop,GCN,10,1,1,False,False,1,39,0.649778532169118,1.1348096668720244,0.6526678764314131,1.1348096668720244,0,0.88,
fedavg_weighted,2,Cora,zero_hop,GCN,10,1,1,False,False,1,40,0.649778532169118,1.1301682770252228,0.6526678764314131,1.1301682770252228,0,0.872,
fedavg_weighted,2,Cora,zero_hop,GCN,10,1,1,False,False,1,41,0.649778532169118,1.131251972913742,0.6526678764314131,1.1301682770252228,1,0.879,
fedavg_weighted,2,Cora,zero_hop,GCN,10,1,1,False,False,1,42,0.649778532169118,1.128982126712799,0.6526678764314131,1.128982126712799,0,0.876,
fedavg_weighted,2,Cora,zero_hop,GCN,10,1,1,False,False,1,43,0.6485285321691181,1.1279444634914397,0.6526678764314131,1.1279444634914397,0,0.869,
fedavg_weighted,2,Cora,zero_hop,GCN,10,1,1,False,False,1,44,0.649778532169118,1.1279492139816285,0.6526678764314131,1.1279444634914397,1,0.876,
fedavg_weighted,2,Cora,zero_hop,GCN,10,1,1,False,False,1,45,0.649778532169118,1.128220534324646,0.6526678764314131,1.1279444634914397,2,0.875,
fedavg_weighted,2,Cora,zero_hop,GCN,10,1,1,False,False,1,46,0.6506118655024513,1.1254007458686828,0.6526678764314131,1.1254007458686828,0,0.875,
fedavg_weighted,2,Cora,zero_hop,GCN,10,1,1,False,False,1,47,0.6506118655024513,1.1256870925426483,0.6526678764314131,1.1254007458686828,1,0.869,
fedavg_weighted,2,Cora,zero_hop,GCN,10,1,1,False,False,1,48,0.6531118655024514,1.1241480946540832,0.6531118655024514,1.1254007458686828,0,0.87,
fedavg_weighted,2,Cora,zero_hop,GCN,10,1,1,False,False,1,49,0.6518618655024513,1.123196005821228,0.6531118655024514,1.123196005821228,0,0.881,
